date,publish_date,hy_oas,hy_oas_pctl
2023-06-06,2023-06-07,4.39,
2023-06-07,2023-06-08,4.33,
2023-06-08,2023-06-09,4.39,
2023-06-09,2023-06-10,4.29,
2023-06-12,2023-06-13,4.34,
2023-06-13,2023-06-14,4.18,
2023-06-14,2023-06-15,4.18,
2023-06-15,2023-06-16,4.21,
2023-06-16,2023-06-17,4.15,
2023-06-19,2023-06-20,4.15,
2023-06-20,2023-06-21,4.22,
2023-06-21,2023-06-22,4.32,
2023-06-22,2023-06-23,4.3,
2023-06-23,2023-06-24,4.4,
2023-06-26,2023-06-27,4.45,
2023-06-27,2023-06-28,4.3,
2023-06-28,2023-06-29,4.27,
2023-06-29,2023-06-30,4.14,
2023-06-30,2023-07-01,4.05,
2023-07-03,2023-07-04,3.99,
2023-07-04,2023-07-05,3.99,
2023-07-05,2023-07-06,4.01,
2023-07-06,2023-07-07,4.1,
2023-07-07,2023-07-08,4.08,
2023-07-10,2023-07-11,4.13,
2023-07-11,2023-07-12,4.05,
2023-07-12,2023-07-13,3.95,
2023-07-13,2023-07-14,3.97,
2023-07-14,2023-07-15,3.9,
2023-07-17,2023-07-18,3.97,
2023-07-18,2023-07-19,3.9,
2023-07-19,2023-07-20,3.89,
2023-07-20,2023-07-21,3.9,
2023-07-21,2023-07-22,3.89,
2023-07-24,2023-07-25,3.82,
2023-07-25,2023-07-26,3.84,
2023-07-26,2023-07-27,3.91,
2023-07-27,2023-07-28,3.78,
2023-07-28,2023-07-29,3.82,
2023-07-31,2023-08-01,3.79,
2023-08-01,2023-08-02,3.82,
2023-08-02,2023-08-03,3.96,
2023-08-03,2023-08-04,3.98,
2023-08-04,2023-08-05,4.01,
2023-08-07,2023-08-08,3.97,
2023-08-08,2023-08-09,4.0,
2023-08-09,2023-08-10,3.94,
2023-08-10,2023-08-11,3.83,
2023-08-11,2023-08-12,3.83,
2023-08-14,2023-08-15,3.79,
2023-08-15,2023-08-16,3.85,
2023-08-16,2023-08-17,3.81,
2023-08-17,2023-08-18,3.95,
2023-08-18,2023-08-19,4.02,
2023-08-21,2023-08-22,3.97,
2023-08-22,2023-08-23,3.93,
2023-08-23,2023-08-24,3.92,
2023-08-24,2023-08-25,3.91,
2023-08-25,2023-08-26,3.9,
2023-08-28,2023-08-29,3.86,20.0
2023-08-29,2023-08-30,3.87,21.311475409836063
2023-08-30,2023-08-31,3.8,6.451612903225806
2023-08-31,2023-09-01,3.85,20.634920634920633
2023-09-01,2023-09-02,3.81,9.375
2023-09-04,2023-09-05,3.81,10.76923076923077
2023-09-05,2023-09-06,3.83,19.696969696969695
2023-09-06,2023-09-07,3.86,26.865671641791046
2023-09-07,2023-09-08,3.9,38.23529411764706
2023-09-08,2023-09-09,3.85,24.637681159420293
2023-09-11,2023-09-12,3.82,15.714285714285714
2023-09-12,2023-09-13,3.84,22.535211267605636
2023-09-13,2023-09-14,3.85,27.77777777777778
2023-09-14,2023-09-15,3.78,2.73972602739726
2023-09-15,2023-09-16,3.79,6.756756756756757
2023-09-18,2023-09-19,3.82,18.666666666666668
2023-09-19,2023-09-20,3.82,19.736842105263158
2023-09-20,2023-09-21,3.77,1.2987012987012987
2023-09-21,2023-09-22,3.89,39.743589743589745
2023-09-22,2023-09-23,3.93,51.89873417721519
2023-09-25,2023-09-26,3.97,62.5
2023-09-26,2023-09-27,4.04,71.60493827160494
2023-09-27,2023-09-28,4.03,70.73170731707317
2023-09-28,2023-09-29,4.09,75.90361445783132
2023-09-29,2023-09-30,4.03,70.23809523809523
2023-09-30,2023-10-01,4.03,70.58823529411765
2023-10-02,2023-10-03,4.11,77.90697674418605
2023-10-03,2023-10-04,4.26,87.35632183908046
2023-10-04,2023-10-05,4.37,95.45454545454545
2023-10-05,2023-10-06,4.38,95.50561797752809
2023-10-06,2023-10-07,4.33,92.22222222222223
2023-10-09,2023-10-10,4.34,93.4065934065934
2023-10-10,2023-10-11,4.26,83.69565217391305
2023-10-11,2023-10-12,4.25,81.72043010752688
2023-10-12,2023-10-13,4.25,81.91489361702128
2023-10-13,2023-10-14,4.3,88.42105263157895
2023-10-16,2023-10-17,4.27,84.375
2023-10-17,2023-10-18,4.25,80.41237113402062
2023-10-18,2023-10-19,4.32,89.79591836734694
2023-10-19,2023-10-20,4.37,94.94949494949495
2023-10-20,2023-10-21,4.52,100.0
2023-10-23,2023-10-24,4.51,99.00990099009901
2023-10-24,2023-10-25,4.41,97.05882352941177
2023-10-25,2023-10-26,4.37,92.23300970873787
2023-10-26,2023-10-27,4.5,98.07692307692307
2023-10-27,2023-10-28,4.53,100.0
2023-10-30,2023-10-31,4.5,97.16981132075472
2023-10-31,2023-11-01,4.42,94.39252336448598
2023-11-01,2023-11-02,4.47,95.37037037037037
2023-11-02,2023-11-03,4.15,66.05504587155964
2023-11-03,2023-11-04,4.04,56.36363636363636
2023-11-06,2023-11-07,4.0,49.549549549549546
2023-11-07,2023-11-08,4.08,59.82142857142857
2023-11-08,2023-11-09,4.08,60.17699115044248
2023-11-09,2023-11-10,4.04,56.14035087719298
2023-11-10,2023-11-11,4.03,53.91304347826087
2023-11-13,2023-11-14,4.03,54.310344827586206
2023-11-14,2023-11-15,3.92,34.18803418803419
2023-11-15,2023-11-16,3.89,27.11864406779661
2023-11-16,2023-11-17,4.02,51.26050420168067
2023-11-17,2023-11-18,3.99,46.666666666666664
2023-11-20,2023-11-21,3.92,34.710743801652896
2023-11-21,2023-11-22,3.95,39.34426229508197
2023-11-22,2023-11-23,3.9,30.89430894308943
2023-11-23,2023-11-24,3.9,31.451612903225808
2023-11-24,2023-11-25,3.85,20.8
2023-11-27,2023-11-28,3.89,26.984126984126984
2023-11-28,2023-11-29,3.9,33.07086614173229
2023-11-29,2023-11-30,3.8,6.25
2023-11-30,2023-12-01,3.84,17.829457364341085
2023-12-01,2023-12-02,3.87,24.615384615384617
2023-12-04,2023-12-05,3.8,6.870229007633588
2023-12-05,2023-12-06,3.8,7.575757575757576
2023-12-06,2023-12-07,3.79,5.263157894736842
2023-12-07,2023-12-08,3.77,1.4925373134328357
2023-12-08,2023-12-09,3.75,0.7407407407407408
2023-12-11,2023-12-12,3.79,7.352941176470589
2023-12-12,2023-12-13,3.76,1.4598540145985401
2023-12-13,2023-12-14,3.79,8.695652173913043
2023-12-14,2023-12-15,3.47,0.7194244604316548
2023-12-15,2023-12-16,3.51,1.4285714285714286
2023-12-18,2023-12-19,3.51,2.127659574468085
2023-12-19,2023-12-20,3.46,0.7042253521126761
2023-12-20,2023-12-21,3.43,0.6993006993006993
2023-12-21,2023-12-22,3.41,0.6944444444444444
2023-12-22,2023-12-23,3.39,0.6896551724137931
2023-12-26,2023-12-27,3.37,0.684931506849315
2023-12-27,2023-12-28,3.34,0.6802721088435374
2023-12-28,2023-12-29,3.32,0.6756756756756757
2023-12-29,2023-12-30,3.34,2.013422818791946
2023-12-31,2024-01-01,3.39,4.0
2024-01-02,2024-01-03,3.54,8.609271523178808
2024-01-03,2024-01-04,3.71,9.210526315789473
2024-01-04,2024-01-05,3.69,9.15032679738562
2024-01-05,2024-01-06,3.68,9.090909090909092
2024-01-08,2024-01-09,3.63,9.032258064516128
2024-01-09,2024-01-10,3.59,8.974358974358974
2024-01-10,2024-01-11,3.5,7.006369426751593
2024-01-11,2024-01-12,3.55,9.49367088607595
2024-01-12,2024-01-13,3.56,10.062893081761008
2024-01-15,2024-01-16,3.54,9.375
2024-01-16,2024-01-17,3.58,11.180124223602485
2024-01-17,2024-01-18,3.62,12.345679012345679
2024-01-18,2024-01-19,3.58,11.65644171779141
2024-01-19,2024-01-20,3.54,9.75609756097561
2024-01-22,2024-01-23,3.49,6.666666666666667
2024-01-23,2024-01-24,3.51,9.036144578313253
2024-01-24,2024-01-25,3.44,5.389221556886228
2024-01-25,2024-01-26,3.45,5.952380952380952
2024-01-26,2024-01-27,3.39,4.142011834319527
2024-01-29,2024-01-30,3.41,5.294117647058823
2024-01-30,2024-01-31,3.42,5.847953216374268
2024-01-31,2024-02-01,3.59,16.86046511627907
2024-02-01,2024-02-02,3.56,15.028901734104046
2024-02-02,2024-02-03,3.47,9.195402298850574
2024-02-05,2024-02-06,3.5,10.857142857142858
2024-02-06,2024-02-07,3.52,13.068181818181818
2024-02-07,2024-02-08,3.43,6.779661016949152
2024-02-08,2024-02-09,3.38,2.8089887640449436
2024-02-09,2024-02-10,3.33,1.1173184357541899
2024-02-12,2024-02-13,3.35,2.7777777777777777
2024-02-13,2024-02-14,3.36,3.314917127071823
2024-02-14,2024-02-15,3.38,4.945054945054945
2024-02-15,2024-02-16,3.35,3.278688524590164
2024-02-16,2024-02-17,3.34,2.717391304347826
2024-02-19,2024-02-20,3.34,3.2432432432432434
2024-02-20,2024-02-21,3.37,5.913978494623656
2024-02-21,2024-02-22,3.34,3.7433155080213902
2024-02-22,2024-02-23,3.22,0.5319148936170213
2024-02-23,2024-02-24,3.23,1.0582010582010581
2024-02-26,2024-02-27,3.23,1.5789473684210527
2024-02-27,2024-02-28,3.26,2.094240837696335
2024-02-28,2024-02-29,3.31,2.604166666666667
2024-02-29,2024-03-01,3.29,2.5906735751295336
2024-03-01,2024-03-02,3.32,4.123711340206185
2024-03-04,2024-03-05,3.26,2.564102564102564
2024-03-05,2024-03-06,3.31,4.081632653061225
2024-03-06,2024-03-07,3.27,3.0456852791878175
2024-03-07,2024-03-08,3.27,3.535353535353535
2024-03-08,2024-03-09,3.26,3.015075376884422
2024-03-11,2024-03-12,3.26,3.5000000000000004
2024-03-12,2024-03-13,3.2,0.4975124378109453
2024-03-13,2024-03-14,3.15,0.49504950495049505
2024-03-14,2024-03-15,3.15,0.9852216748768473
2024-03-15,2024-03-16,3.16,1.4705882352941175
2024-03-18,2024-03-19,3.13,0.4878048780487805
2024-03-19,2024-03-20,3.1,0.48543689320388345
2024-03-20,2024-03-21,3.14,1.4492753623188406
2024-03-21,2024-03-22,3.05,0.4807692307692308
2024-03-22,2024-03-23,3.08,0.9569377990430622
2024-03-25,2024-03-26,3.11,1.9047619047619049
2024-03-26,2024-03-27,3.15,4.265402843601896
2024-03-27,2024-03-28,3.15,4.716981132075472
2024-03-28,2024-03-29,3.12,2.3474178403755865
2024-03-31,2024-04-01,3.15,5.607476635514018
2024-04-01,2024-04-02,3.12,2.7906976744186047
2024-04-02,2024-04-03,3.23,8.796296296296296
2024-04-03,2024-04-04,3.23,9.216589861751153
2024-04-04,2024-04-05,3.24,9.63302752293578
2024-04-05,2024-04-06,3.18,6.8493150684931505
2024-04-08,2024-04-09,3.15,6.363636363636363
2024-04-09,2024-04-10,3.14,4.072398190045249
2024-04-10,2024-04-11,3.1,1.8018018018018018
2024-04-11,2024-04-12,3.16,8.071748878923767
2024-04-12,2024-04-13,3.25,12.053571428571429
2024-04-15,2024-04-16,3.28,15.11111111111111
2024-04-16,2024-04-17,3.36,21.68141592920354
2024-04-17,2024-04-18,3.42,26.431718061674008
2024-04-18,2024-04-19,3.39,25.0
2024-04-19,2024-04-20,3.37,22.707423580786028
2024-04-22,2024-04-23,3.29,15.65217391304348
2024-04-23,2024-04-24,3.2,9.090909090909092
2024-04-24,2024-04-25,3.19,8.620689655172415
2024-04-25,2024-04-26,3.24,12.446351931330472
2024-04-26,2024-04-27,3.16,8.11965811965812
2024-04-29,2024-04-30,3.12,3.404255319148936
2024-04-30,2024-05-01,3.18,9.322033898305085
2024-05-01,2024-05-02,3.21,10.970464135021098
2024-05-02,2024-05-03,3.16,8.823529411764707
2024-05-03,2024-05-04,3.08,1.2552301255230125
2024-05-06,2024-05-07,3.03,0.4166666666666667
2024-05-07,2024-05-08,3.06,1.2448132780082988
2024-05-08,2024-05-09,3.1,3.3057851239669422
2024-05-09,2024-05-10,3.14,6.584362139917696
2024-05-10,2024-05-11,3.12,5.327868852459016
2024-05-13,2024-05-14,3.14,7.346938775510205
2024-05-14,2024-05-15,3.14,7.723577235772358
2024-05-15,2024-05-16,3.13,6.0728744939271255
2024-05-16,2024-05-17,3.08,2.4193548387096775
2024-05-17,2024-05-18,3.09,2.8112449799196786
2024-05-20,2024-05-21,3.07,1.6
2024-05-21,2024-05-22,3.07,1.9920318725099602
2024-05-22,2024-05-23,3.11,5.555555555555555
2024-05-23,2024-05-24,3.1,5.158730158730158
2024-05-24,2024-05-25,3.11,6.349206349206349
2024-05-27,2024-05-28,3.12,8.333333333333332
2024-05-28,2024-05-29,3.09,3.968253968253968
2024-05-29,2024-05-30,3.15,14.285714285714285
2024-05-30,2024-05-31,3.19,17.46031746031746
2024-05-31,2024-06-01,3.2,18.650793650793652
2024-06-03,2024-06-04,3.17,16.26984126984127
2024-06-04,2024-06-05,3.22,20.238095238095237
2024-06-05,2024-06-06,3.2,19.444444444444446
2024-06-06,2024-06-07,3.2,19.841269841269842
2024-06-07,2024-06-08,3.15,14.682539682539684
2024-06-10,2024-06-11,3.15,15.079365079365079
2024-06-11,2024-06-12,3.19,19.047619047619047
2024-06-12,2024-06-13,3.09,4.365079365079365
2024-06-13,2024-06-14,3.2,21.825396825396826
2024-06-14,2024-06-15,3.29,29.761904761904763
2024-06-17,2024-06-18,3.26,27.77777777777778
2024-06-18,2024-06-19,3.24,25.793650793650798
2024-06-19,2024-06-20,3.24,26.190476190476193
2024-06-20,2024-06-21,3.23,25.0
2024-06-21,2024-06-22,3.21,22.61904761904762
2024-06-24,2024-06-25,3.19,19.841269841269842
2024-06-25,2024-06-26,3.19,20.238095238095237
2024-06-26,2024-06-27,3.18,18.650793650793652
2024-06-27,2024-06-28,3.21,24.206349206349206
2024-06-28,2024-06-29,3.18,19.047619047619047
2024-06-30,2024-07-01,3.21,25.0
2024-07-01,2024-07-02,3.21,25.396825396825395
2024-07-02,2024-07-03,3.23,28.57142857142857
2024-07-03,2024-07-04,3.25,30.952380952380953
2024-07-04,2024-07-05,3.25,31.349206349206348
2024-07-05,2024-07-06,3.27,34.523809523809526
2024-07-08,2024-07-09,3.2,23.809523809523807
2024-07-09,2024-07-10,3.21,26.190476190476193
2024-07-10,2024-07-11,3.17,17.857142857142858
2024-07-11,2024-07-12,3.18,19.841269841269842
2024-07-12,2024-07-13,3.19,22.22222222222222
2024-07-15,2024-07-16,3.13,10.317460317460316
2024-07-16,2024-07-17,3.08,3.571428571428571
2024-07-17,2024-07-18,3.09,5.158730158730158
2024-07-18,2024-07-19,3.09,5.555555555555555
2024-07-19,2024-07-20,3.09,5.952380952380952
2024-07-22,2024-07-23,3.05,1.1904761904761905
2024-07-23,2024-07-24,3.02,0.3968253968253968
2024-07-24,2024-07-25,3.1,8.73015873015873
2024-07-25,2024-07-26,3.08,4.761904761904762
2024-07-26,2024-07-27,3.1,9.523809523809524
2024-07-29,2024-07-30,3.13,14.285714285714285
2024-07-30,2024-07-31,3.2,29.761904761904763
2024-07-31,2024-08-01,3.25,38.492063492063494
2024-08-01,2024-08-02,3.35,48.41269841269841
2024-08-02,2024-08-03,3.72,66.26984126984127
2024-08-05,2024-08-06,3.93,83.73015873015873
2024-08-06,2024-08-07,3.67,65.07936507936508
2024-08-07,2024-08-08,3.57,62.698412698412696
2024-08-08,2024-08-09,3.48,57.53968253968254
2024-08-09,2024-08-10,3.49,58.333333333333336
2024-08-12,2024-08-13,3.52,61.111111111111114
2024-08-13,2024-08-14,3.54,62.698412698412696
2024-08-14,2024-08-15,3.46,56.74603174603175
2024-08-15,2024-08-16,3.31,44.44444444444444
2024-08-16,2024-08-17,3.29,43.65079365079365
2024-08-19,2024-08-20,3.21,32.53968253968254
2024-08-20,2024-08-21,3.25,39.285714285714285
2024-08-21,2024-08-22,3.27,42.857142857142854
2024-08-22,2024-08-23,3.21,32.93650793650794
2024-08-23,2024-08-24,3.19,26.984126984126984
2024-08-26,2024-08-27,3.15,20.238095238095237
2024-08-27,2024-08-28,3.17,23.015873015873016
2024-08-28,2024-08-29,3.19,28.174603174603174
2024-08-29,2024-08-30,3.15,20.634920634920633
2024-08-30,2024-08-31,3.13,14.682539682539684
2024-08-31,2024-09-01,3.17,24.206349206349206
2024-09-02,2024-09-03,3.17,24.6031746031746
2024-09-03,2024-09-04,3.31,50.0
2024-09-04,2024-09-05,3.35,54.761904761904766
2024-09-05,2024-09-06,3.29,48.80952380952381
2024-09-06,2024-09-07,3.39,59.92063492063492
2024-09-09,2024-09-10,3.36,56.34920634920635
2024-09-10,2024-09-11,3.46,64.68253968253968
2024-09-11,2024-09-12,3.44,63.49206349206349
2024-09-12,2024-09-13,3.39,60.71428571428571
2024-09-13,2024-09-14,3.37,57.936507936507944
2024-09-16,2024-09-17,3.32,51.587301587301596
2024-09-17,2024-09-18,3.25,43.25396825396825
2024-09-18,2024-09-19,3.21,36.507936507936506
2024-09-19,2024-09-20,3.1,9.920634920634921
2024-09-20,2024-09-21,3.15,21.825396825396826
2024-09-23,2024-09-24,3.15,22.22222222222222
2024-09-24,2024-09-25,3.21,38.095238095238095
2024-09-25,2024-09-26,3.19,31.349206349206348
2024-09-26,2024-09-27,3.14,17.46031746031746
2024-09-27,2024-09-28,3.14,17.857142857142858
2024-09-30,2024-10-01,3.03,1.1904761904761905
2024-10-01,2024-10-02,3.07,3.571428571428571
2024-10-02,2024-10-03,3.06,2.7777777777777777
2024-10-03,2024-10-04,3.04,1.5873015873015872
2024-10-04,2024-10-05,2.89,0.3968253968253968
2024-10-07,2024-10-08,2.95,0.7936507936507936
2024-10-08,2024-10-09,2.99,1.1904761904761905
2024-10-09,2024-10-10,2.94,0.7936507936507936
2024-10-10,2024-10-11,2.99,1.984126984126984
2024-10-11,2024-10-12,2.98,1.5873015873015872
2024-10-14,2024-10-15,2.97,1.5873015873015872
2024-10-15,2024-10-16,2.93,0.7936507936507936
2024-10-16,2024-10-17,2.9,0.7936507936507936
2024-10-17,2024-10-18,2.89,0.7936507936507936
2024-10-18,2024-10-19,2.88,0.3968253968253968
2024-10-21,2024-10-22,2.88,0.7936507936507936
2024-10-22,2024-10-23,2.92,2.380952380952381
2024-10-23,2024-10-24,2.95,3.968253968253968
2024-10-24,2024-10-25,2.93,3.1746031746031744
2024-10-25,2024-10-26,2.89,1.984126984126984
2024-10-28,2024-10-29,2.82,0.3968253968253968
2024-10-29,2024-10-30,2.85,0.7936507936507936
2024-10-30,2024-10-31,2.8,0.3968253968253968
2024-10-31,2024-11-01,2.88,2.380952380952381
2024-11-01,2024-11-02,2.83,1.1904761904761905
2024-11-04,2024-11-05,2.87,1.984126984126984
2024-11-05,2024-11-06,2.86,1.984126984126984
2024-11-06,2024-11-07,2.74,0.3968253968253968
2024-11-07,2024-11-08,2.73,0.3968253968253968
2024-11-08,2024-11-09,2.63,0.3968253968253968
2024-11-11,2024-11-12,2.63,0.7936507936507936
2024-11-12,2024-11-13,2.61,0.3968253968253968
2024-11-13,2024-11-14,2.64,1.5873015873015872
2024-11-14,2024-11-15,2.6,0.3968253968253968
2024-11-15,2024-11-16,2.72,2.380952380952381
2024-11-18,2024-11-19,2.72,2.7777777777777777
2024-11-19,2024-11-20,2.69,2.380952380952381
2024-11-20,2024-11-21,2.67,2.380952380952381
2024-11-21,2024-11-22,2.61,1.1904761904761905
2024-11-22,2024-11-23,2.61,1.5873015873015872
2024-11-25,2024-11-26,2.64,3.1746031746031744
2024-11-26,2024-11-27,2.68,3.968253968253968
2024-11-27,2024-11-28,2.69,4.761904761904762
2024-11-28,2024-11-29,2.69,5.158730158730158
2024-11-29,2024-11-30,2.72,6.349206349206349
2024-11-30,2024-12-01,2.74,7.5396825396825395
2024-12-02,2024-12-03,2.68,4.365079365079365
2024-12-03,2024-12-04,2.66,3.571428571428571
2024-12-04,2024-12-05,2.66,3.968253968253968
2024-12-05,2024-12-06,2.66,4.365079365079365
2024-12-06,2024-12-07,2.67,5.158730158730158
2024-12-09,2024-12-10,2.67,5.555555555555555
2024-12-10,2024-12-11,2.67,5.952380952380952
2024-12-11,2024-12-12,2.64,3.571428571428571
2024-12-12,2024-12-13,2.66,5.158730158730158
2024-12-13,2024-12-14,2.68,7.936507936507936
2024-12-16,2024-12-17,2.69,9.523809523809524
2024-12-17,2024-12-18,2.75,12.3015873015873
2024-12-18,2024-12-19,2.73,11.507936507936508
2024-12-19,2024-12-20,2.91,18.253968253968253
2024-12-20,2024-12-21,2.86,15.079365079365079
2024-12-23,2024-12-24,2.85,14.682539682539684
2024-12-24,2024-12-25,2.86,15.873015873015872
2024-12-26,2024-12-27,2.86,16.26984126984127
2024-12-27,2024-12-28,2.84,14.285714285714285
2024-12-30,2024-12-31,2.94,22.22222222222222
2024-12-31,2025-01-01,2.92,21.03174603174603
2025-01-02,2025-01-03,2.88,18.650793650793652
2025-01-03,2025-01-04,2.81,13.492063492063492
2025-01-06,2025-01-07,2.76,13.095238095238097
2025-01-07,2025-01-08,2.79,13.492063492063492
2025-01-08,2025-01-09,2.84,15.873015873015872
2025-01-09,2025-01-10,2.82,15.079365079365079
2025-01-10,2025-01-11,2.81,14.682539682539684
2025-01-13,2025-01-14,2.85,17.857142857142858
2025-01-14,2025-01-15,2.8,14.285714285714285
2025-01-15,2025-01-16,2.72,11.11111111111111
2025-01-16,2025-01-17,2.73,12.3015873015873
2025-01-17,2025-01-18,2.64,3.968253968253968
2025-01-20,2025-01-21,2.64,4.365079365079365
2025-01-21,2025-01-22,2.61,1.984126984126984
2025-01-22,2025-01-23,2.59,0.3968253968253968
2025-01-23,2025-01-24,2.61,2.7777777777777777
2025-01-24,2025-01-25,2.6,1.1904761904761905
2025-01-27,2025-01-28,2.66,7.936507936507936
2025-01-28,2025-01-29,2.66,8.333333333333332
2025-01-29,2025-01-30,2.68,11.507936507936508
2025-01-30,2025-01-31,2.67,10.317460317460316
2025-01-31,2025-02-01,2.68,12.3015873015873
2025-02-03,2025-02-04,2.73,17.063492063492063
2025-02-04,2025-02-05,2.71,14.285714285714285
2025-02-05,2025-02-06,2.69,14.285714285714285
2025-02-06,2025-02-07,2.66,8.73015873015873
2025-02-07,2025-02-08,2.67,11.11111111111111
2025-02-10,2025-02-11,2.66,9.126984126984127
2025-02-11,2025-02-12,2.66,9.523809523809524
2025-02-12,2025-02-13,2.65,6.349206349206349
2025-02-13,2025-02-14,2.65,6.746031746031746
2025-02-14,2025-02-15,2.62,3.571428571428571
2025-02-17,2025-02-18,2.62,3.968253968253968
2025-02-18,2025-02-19,2.62,4.365079365079365
2025-02-19,2025-02-20,2.68,16.26984126984127
2025-02-20,2025-02-21,2.66,11.904761904761903
2025-02-21,2025-02-22,2.78,24.206349206349206
2025-02-24,2025-02-25,2.78,24.6031746031746
2025-02-25,2025-02-26,2.84,28.968253968253972
2025-02-26,2025-02-27,2.81,26.984126984126984
2025-02-27,2025-02-28,2.81,27.380952380952383
2025-02-28,2025-03-01,2.87,33.33333333333333
2025-03-03,2025-03-04,2.94,39.682539682539684
2025-03-04,2025-03-05,2.99,42.46031746031746
2025-03-05,2025-03-06,2.88,35.317460317460316
2025-03-06,2025-03-07,2.99,43.25396825396825
2025-03-07,2025-03-08,2.97,41.66666666666667
2025-03-10,2025-03-11,3.16,67.06349206349206
2025-03-11,2025-03-12,3.22,81.74603174603175
2025-03-12,2025-03-13,3.2,76.98412698412699
2025-03-13,2025-03-14,3.4,95.23809523809523
2025-03-14,2025-03-15,3.25,86.90476190476191
2025-03-17,2025-03-18,3.18,69.44444444444444
2025-03-18,2025-03-19,3.23,82.53968253968253
2025-03-19,2025-03-20,3.19,73.01587301587301
2025-03-20,2025-03-21,3.17,67.06349206349206
2025-03-21,2025-03-22,3.21,80.95238095238095
2025-03-24,2025-03-25,3.05,46.03174603174603
2025-03-25,2025-03-26,3.09,52.38095238095239
2025-03-26,2025-03-27,3.19,73.4126984126984
2025-03-27,2025-03-28,3.27,88.09523809523809
2025-03-28,2025-03-29,3.47,96.82539682539682
2025-03-31,2025-04-01,3.55,98.4126984126984
2025-04-01,2025-04-02,3.5,97.22222222222221
2025-04-02,2025-04-03,3.42,94.44444444444444
2025-04-03,2025-04-04,4.01,100.0
2025-04-04,2025-04-05,4.45,100.0
2025-04-07,2025-04-08,4.61,100.0
2025-04-08,2025-04-09,4.57,99.60317460317461
2025-04-09,2025-04-10,4.37,98.80952380952381
2025-04-10,2025-04-11,4.42,98.80952380952381
2025-04-11,2025-04-12,4.26,98.01587301587301
2025-04-14,2025-04-15,4.14,97.61904761904762
2025-04-15,2025-04-16,4.09,97.22222222222221
2025-04-16,2025-04-17,4.16,97.61904761904762
2025-04-17,2025-04-18,4.02,96.42857142857143
2025-04-21,2025-04-22,4.16,97.61904761904762
2025-04-22,2025-04-23,3.99,95.23809523809523
2025-04-23,2025-04-24,3.75,94.44444444444444
2025-04-24,2025-04-25,3.73,94.04761904761905
2025-04-25,2025-04-26,3.67,93.25396825396825
2025-04-28,2025-04-29,3.73,94.04761904761905
2025-04-29,2025-04-30,3.74,94.04761904761905
2025-04-30,2025-05-01,3.94,94.84126984126983
2025-05-01,2025-05-02,3.78,94.04761904761905
2025-05-02,2025-05-03,3.6,90.87301587301587
2025-05-05,2025-05-06,3.6,90.87301587301587
2025-05-06,2025-05-07,3.66,90.87301587301587
2025-05-07,2025-05-08,3.67,91.66666666666666
2025-05-08,2025-05-09,3.51,87.6984126984127
2025-05-09,2025-05-10,3.53,88.09523809523809
2025-05-12,2025-05-13,3.15,56.74603174603175
2025-05-13,2025-05-14,3.09,50.0
2025-05-14,2025-05-15,3.1,51.587301587301596
2025-05-15,2025-05-16,3.2,67.85714285714286
2025-05-16,2025-05-17,3.16,56.74603174603175
2025-05-19,2025-05-20,3.21,71.82539682539682
2025-05-20,2025-05-21,3.2,67.46031746031747
2025-05-21,2025-05-22,3.25,76.98412698412699
2025-05-22,2025-05-23,3.32,80.95238095238095
2025-05-23,2025-05-24,3.4,83.73015873015873
2025-05-26,2025-05-27,3.4,83.73015873015873
2025-05-27,2025-05-28,3.24,73.01587301587301
2025-05-28,2025-05-29,3.23,71.82539682539682
2025-05-29,2025-05-30,3.22,70.23809523809523
2025-05-30,2025-05-31,3.31,79.36507936507937
2025-05-31,2025-06-01,3.32,80.15873015873017
2025-06-02,2025-06-03,3.27,76.98412698412699
2025-06-03,2025-06-04,3.19,62.698412698412696
2025-06-04,2025-06-05,3.23,71.82539682539682
2025-06-05,2025-06-06,3.18,59.523809523809526
2025-06-06,2025-06-07,3.09,49.60317460317461
2025-06-09,2025-06-10,3.12,51.587301587301596
2025-06-10,2025-06-11,3.12,51.98412698412699
2025-06-11,2025-06-12,3.12,52.38095238095239
2025-06-12,2025-06-13,3.17,59.523809523809526
2025-06-13,2025-06-14,3.18,61.50793650793651
2025-06-16,2025-06-17,3.1,51.587301587301596
2025-06-17,2025-06-18,3.17,60.317460317460316
2025-06-18,2025-06-19,3.16,57.936507936507944
2025-06-19,2025-06-20,3.16,58.333333333333336
2025-06-20,2025-06-21,3.13,54.36507936507936
2025-06-23,2025-06-24,3.12,53.17460317460318
2025-06-24,2025-06-25,3.06,46.42857142857143
2025-06-25,2025-06-26,3.04,45.23809523809524
2025-06-26,2025-06-27,3.04,45.63492063492063
2025-06-27,2025-06-28,3.02,44.44444444444444
2025-06-30,2025-07-01,2.96,41.269841269841265
2025-07-01,2025-07-02,2.91,37.698412698412696
2025-07-02,2025-07-03,2.88,35.714285714285715
2025-07-03,2025-07-04,2.8,26.190476190476193
2025-07-04,2025-07-05,2.8,26.58730158730159
2025-07-07,2025-07-08,2.86,33.730158730158735
2025-07-08,2025-07-09,2.92,40.476190476190474
2025-07-09,2025-07-10,2.94,42.857142857142854
2025-07-10,2025-07-11,2.92,40.87301587301587
2025-07-11,2025-07-12,2.97,45.63492063492063
2025-07-14,2025-07-15,2.95,44.44444444444444
2025-07-15,2025-07-16,2.95,44.84126984126984
2025-07-16,2025-07-17,3.0,48.80952380952381
2025-07-17,2025-07-18,2.91,39.682539682539684
2025-07-18,2025-07-19,2.93,42.46031746031746
2025-07-21,2025-07-22,2.89,38.492063492063494
2025-07-22,2025-07-23,2.9,39.285714285714285
2025-07-23,2025-07-24,2.83,29.761904761904763
2025-07-24,2025-07-25,2.82,29.365079365079367
2025-07-25,2025-07-26,2.84,31.746031746031743
2025-07-28,2025-07-29,2.82,29.761904761904763
2025-07-29,2025-07-30,2.86,35.714285714285715
2025-07-30,2025-07-31,2.89,40.87301587301587
2025-07-31,2025-08-01,2.86,36.11111111111111
2025-08-01,2025-08-02,3.13,61.904761904761905
2025-08-04,2025-08-05,3.02,53.96825396825397
2025-08-05,2025-08-06,2.98,51.587301587301596
2025-08-06,2025-08-07,2.98,51.98412698412699
2025-08-07,2025-08-08,2.95,49.60317460317461
2025-08-08,2025-08-09,2.94,48.01587301587302
2025-08-11,2025-08-12,2.94,48.41269841269841
2025-08-12,2025-08-13,2.93,46.42857142857143
2025-08-13,2025-08-14,2.9,42.46031746031746
2025-08-14,2025-08-15,2.89,41.66666666666667
2025-08-15,2025-08-16,2.88,39.682539682539684
2025-08-18,2025-08-19,2.88,40.07936507936508
2025-08-19,2025-08-20,2.9,44.047619047619044
2025-08-20,2025-08-21,2.94,51.19047619047619
2025-08-21,2025-08-22,2.95,53.57142857142857
2025-08-22,2025-08-23,2.88,40.476190476190474
2025-08-25,2025-08-26,2.8,26.984126984126984
2025-08-26,2025-08-27,2.78,25.0
2025-08-27,2025-08-28,2.78,25.396825396825395
2025-08-28,2025-08-29,2.75,23.809523809523807
2025-08-29,2025-08-30,2.82,31.746031746031743
2025-08-31,2025-09-01,2.84,34.523809523809526
2025-09-01,2025-09-02,2.84,34.92063492063492
2025-09-02,2025-09-03,2.92,50.39682539682539
2025-09-03,2025-09-04,2.88,43.65079365079365
2025-09-04,2025-09-05,2.84,35.317460317460316
2025-09-05,2025-09-06,2.83,32.93650793650794
2025-09-08,2025-09-09,2.84,36.11111111111111
2025-09-09,2025-09-10,2.87,41.269841269841265
2025-09-10,2025-09-11,2.84,36.507936507936506
2025-09-11,2025-09-12,2.78,26.190476190476193
2025-09-12,2025-09-13,2.79,26.984126984126984
2025-09-15,2025-09-16,2.75,24.206349206349206
2025-09-16,2025-09-17,2.79,27.77777777777778
2025-09-17,2025-09-18,2.79,28.174603174603174
2025-09-18,2025-09-19,2.71,19.444444444444446
2025-09-19,2025-09-20,2.72,21.428571428571427
2025-09-22,2025-09-23,2.69,19.047619047619047
2025-09-23,2025-09-24,2.71,20.238095238095237
2025-09-24,2025-09-25,2.7,19.444444444444446
2025-09-25,2025-09-26,2.76,26.984126984126984
2025-09-26,2025-09-27,2.75,26.58730158730159
2025-09-29,2025-09-30,2.74,25.396825396825395
2025-09-30,2025-10-01,2.8,33.730158730158735
2025-10-01,2025-10-02,2.81,35.714285714285715
2025-10-02,2025-10-03,2.81,36.11111111111111
2025-10-03,2025-10-04,2.8,34.12698412698413
2025-10-06,2025-10-07,2.76,28.174603174603174
2025-10-07,2025-10-08,2.82,39.285714285714285
2025-10-08,2025-10-09,2.84,44.44444444444444
2025-10-09,2025-10-10,2.95,64.28571428571429
2025-10-10,2025-10-11,3.18,78.57142857142857
2025-10-13,2025-10-14,3.18,78.57142857142857
2025-10-14,2025-10-15,3.11,71.03174603174604
2025-10-15,2025-10-16,2.95,63.095238095238095
2025-10-16,2025-10-17,3.04,67.85714285714286
2025-10-17,2025-10-18,3.04,67.85714285714286
2025-10-20,2025-10-21,2.99,65.07936507936508
2025-10-21,2025-10-22,2.97,63.095238095238095
2025-10-22,2025-10-23,3.01,65.47619047619048
2025-10-23,2025-10-24,2.96,61.50793650793651
2025-10-24,2025-10-25,2.88,50.0
2025-10-27,2025-10-28,2.8,33.730158730158735
2025-10-28,2025-10-29,2.82,38.095238095238095
2025-10-29,2025-10-30,2.76,26.984126984126984
2025-10-30,2025-10-31,2.85,43.65079365079365
2025-10-31,2025-11-01,2.94,58.333333333333336
2025-11-03,2025-11-04,3.04,67.85714285714286
2025-11-04,2025-11-05,3.13,73.4126984126984
2025-11-05,2025-11-06,3.05,67.85714285714286
2025-11-06,2025-11-07,3.13,73.4126984126984
2025-11-07,2025-11-08,3.15,73.80952380952381
2025-11-10,2025-11-11,3.02,64.28571428571429
2025-11-11,2025-11-12,3.02,64.28571428571429
2025-11-12,2025-11-13,3.02,64.28571428571429
2025-11-13,2025-11-14,3.09,68.65079365079364
2025-11-14,2025-11-15,3.07,67.06349206349206
2025-11-17,2025-11-18,3.13,73.01587301587301
2025-11-18,2025-11-19,3.2,80.95238095238095
2025-11-19,2025-11-20,3.17,76.19047619047619
2025-11-20,2025-11-21,3.17,76.19047619047619
2025-11-21,2025-11-22,3.19,79.36507936507937
2025-11-24,2025-11-25,3.15,72.22222222222221
2025-11-25,2025-11-26,3.1,67.06349206349206
2025-11-26,2025-11-27,3.0,58.333333333333336
2025-11-27,2025-11-28,3.0,58.333333333333336
2025-11-28,2025-11-29,2.95,53.17460317460318
2025-11-30,2025-12-01,2.92,46.82539682539682
2025-12-01,2025-12-02,2.94,50.39682539682539
2025-12-02,2025-12-03,2.92,46.42857142857143
2025-12-03,2025-12-04,2.89,41.66666666666667
2025-12-04,2025-12-05,2.88,40.07936507936508
2025-12-05,2025-12-06,2.85,33.33333333333333
2025-12-08,2025-12-09,2.89,42.06349206349206
2025-12-09,2025-12-10,2.89,42.06349206349206
2025-12-10,2025-12-11,2.91,44.047619047619044
2025-12-11,2025-12-12,2.88,39.285714285714285
2025-12-12,2025-12-13,2.91,44.047619047619044
2025-12-15,2025-12-16,2.91,44.047619047619044
2025-12-16,2025-12-17,2.98,55.952380952380956
2025-12-17,2025-12-18,2.99,57.14285714285714
2025-12-18,2025-12-19,2.95,52.38095238095239
2025-12-19,2025-12-20,2.9,41.66666666666667
2025-12-22,2025-12-23,2.88,37.698412698412696
2025-12-23,2025-12-24,2.83,26.984126984126984
2025-12-24,2025-12-25,2.84,30.555555555555557
2025-12-26,2025-12-27,2.86,32.93650793650794
2025-12-29,2025-12-30,2.87,33.730158730158735
2025-12-30,2025-12-31,2.84,30.158730158730158
2025-12-31,2026-01-01,2.81,23.015873015873016
2026-01-02,2026-01-03,2.83,26.190476190476193
2026-01-05,2026-01-06,2.81,22.61904761904762
2026-01-06,2026-01-07,2.79,17.857142857142858
2026-01-07,2026-01-08,2.79,17.857142857142858
2026-01-08,2026-01-09,2.76,13.88888888888889
2026-01-09,2026-01-10,2.74,11.11111111111111
2026-01-12,2026-01-13,2.74,11.11111111111111
2026-01-13,2026-01-14,2.75,12.3015873015873
2026-01-14,2026-01-15,2.76,13.88888888888889
2026-01-15,2026-01-16,2.71,8.333333333333332
2026-01-16,2026-01-17,2.65,2.380952380952381
2026-01-19,2026-01-20,2.65,2.7777777777777777
2026-01-20,2026-01-21,2.73,9.126984126984127
2026-01-21,2026-01-22,2.69,6.349206349206349
2026-01-22,2026-01-23,2.64,1.5873015873015872
2026-01-23,2026-01-24,2.68,5.952380952380952
2026-01-26,2026-01-27,2.69,6.746031746031746
2026-01-27,2026-01-28,2.71,8.333333333333332
2026-01-28,2026-01-29,2.72,8.73015873015873
2026-01-29,2026-01-30,2.77,13.88888888888889
2026-01-30,2026-01-31,2.8,20.238095238095237
2026-01-31,2026-02-01,2.88,37.698412698412696
2026-02-02,2026-02-03,2.81,22.22222222222222
2026-02-03,2026-02-04,2.85,30.555555555555557
2026-02-04,2026-02-05,2.86,32.142857142857146
2026-02-05,2026-02-06,2.97,54.36507936507936
2026-02-06,2026-02-07,2.87,32.93650793650794
2026-02-09,2026-02-10,2.84,28.174603174603174
2026-02-10,2026-02-11,2.86,31.349206349206348
2026-02-11,2026-02-12,2.84,27.77777777777778
2026-02-12,2026-02-13,2.92,45.23809523809524
2026-02-13,2026-02-14,2.95,51.98412698412699
2026-02-16,2026-02-17,2.94,48.41269841269841
2026-02-17,2026-02-18,2.94,48.41269841269841
2026-02-18,2026-02-19,2.86,30.952380952380953
2026-02-19,2026-02-20,2.88,36.507936507936506
2026-02-20,2026-02-21,2.86,31.349206349206348
2026-02-23,2026-02-24,2.95,53.17460317460318
2026-02-24,2026-02-25,2.97,55.55555555555556
2026-02-25,2026-02-26,2.94,49.60317460317461
2026-02-26,2026-02-27,2.98,57.53968253968254
2026-02-27,2026-02-28,3.1,68.65079365079364
2026-02-28,2026-03-01,3.12,71.03174603174604
2026-03-02,2026-03-03,3.03,62.301587301587304
2026-03-03,2026-03-04,3.08,66.26984126984127
2026-03-04,2026-03-05,2.97,56.34920634920635
2026-03-05,2026-03-06,3.0,60.317460317460316
2026-03-06,2026-03-07,3.13,75.0
2026-03-09,2026-03-10,3.19,81.74603174603175
2026-03-10,2026-03-11,3.06,66.26984126984127
2026-03-11,2026-03-12,3.09,68.65079365079364
2026-03-12,2026-03-13,3.17,79.36507936507937
2026-03-13,2026-03-14,3.28,86.5079365079365
2026-03-16,2026-03-17,3.27,86.5079365079365
2026-03-17,2026-03-18,3.22,84.52380952380952
2026-03-18,2026-03-19,3.2,83.73015873015873
2026-03-19,2026-03-20,3.27,87.6984126984127
2026-03-20,2026-03-21,3.24,86.5079365079365
2026-03-23,2026-03-24,3.19,82.53968253968253
2026-03-24,2026-03-25,3.19,82.93650793650794
2026-03-25,2026-03-26,3.17,79.76190476190477
2026-03-26,2026-03-27,3.21,85.71428571428571
2026-03-27,2026-03-28,3.42,92.46031746031747
2026-03-30,2026-03-31,3.46,92.85714285714286
2026-03-31,2026-04-01,3.28,90.47619047619048
2026-04-01,2026-04-02,3.16,77.77777777777779
2026-04-02,2026-04-03,3.17,80.55555555555556
2026-04-03,2026-04-04,3.13,75.39682539682539
2026-04-06,2026-04-07,3.05,65.87301587301587
2026-04-07,2026-04-08,3.12,73.4126984126984
2026-04-08,2026-04-09,2.94,50.0
2026-04-09,2026-04-10,2.9,41.269841269841265
2026-04-10,2026-04-11,2.94,50.79365079365079
2026-04-13,2026-04-14,2.95,55.158730158730165
2026-04-14,2026-04-15,2.84,27.380952380952383
2026-04-15,2026-04-16,2.85,28.968253968253972
2026-04-16,2026-04-17,2.86,32.53968253968254
2026-04-17,2026-04-18,2.83,23.015873015873016
2026-04-20,2026-04-21,2.87,34.523809523809526
2026-04-21,2026-04-22,2.85,29.761904761904763
2026-04-22,2026-04-23,2.84,28.174603174603174
2026-04-23,2026-04-24,2.86,34.12698412698413
2026-04-24,2026-04-25,2.86,34.523809523809526
2026-04-27,2026-04-28,2.84,28.57142857142857
2026-04-28,2026-04-29,2.85,30.952380952380953
2026-04-29,2026-04-30,2.82,21.428571428571427
2026-04-30,2026-05-01,2.83,23.809523809523807
2026-05-01,2026-05-02,2.77,11.507936507936508
2026-05-04,2026-05-05,2.78,13.095238095238097
2026-05-05,2026-05-06,2.77,11.904761904761903
2026-05-06,2026-05-07,2.75,9.126984126984127
2026-05-07,2026-05-08,2.79,16.26984126984127
2026-05-08,2026-05-09,2.81,21.428571428571427
2026-05-11,2026-05-12,2.79,16.666666666666664
2026-05-12,2026-05-13,2.82,24.6031746031746
2026-05-13,2026-05-14,2.82,25.0
2026-05-14,2026-05-15,2.76,11.507936507936508
2026-05-15,2026-05-16,2.8,20.238095238095237
2026-05-18,2026-05-19,2.83,28.57142857142857
2026-05-19,2026-05-20,2.86,41.269841269841265
2026-05-20,2026-05-21,2.8,20.634920634920633
2026-05-21,2026-05-22,2.78,14.682539682539684
2026-05-22,2026-05-23,2.74,7.5396825396825395
2026-05-25,2026-05-26,2.74,7.936507936507936
2026-05-26,2026-05-27,2.72,5.952380952380952
2026-05-27,2026-05-28,2.71,5.158730158730158
2026-05-28,2026-05-29,2.72,6.746031746031746
2026-05-29,2026-05-30,2.72,7.142857142857142
2026-05-31,2026-06-01,2.74,9.920634920634921
2026-06-01,2026-06-02,2.72,7.5396825396825395
2026-06-02,2026-06-03,2.71,5.555555555555555
2026-06-03,2026-06-04,2.75,13.095238095238097
2026-06-04,2026-06-05,2.74,11.11111111111111
