date,publish_date,naaim_exposure,naaim_pctl,is_proxy
2006-07-05,2006-07-05,19.44,,False
2006-07-12,2006-07-12,31.2,,False
2006-07-19,2006-07-19,18.76,,False
2006-07-26,2006-07-26,17.38,,False
2006-08-02,2006-08-02,44.23,,False
2006-08-09,2006-08-09,45.02,,False
2006-08-16,2006-08-16,38.6,,False
2006-08-23,2006-08-23,42.1,,False
2006-08-30,2006-08-30,42.1,,False
2006-09-06,2006-09-06,49.38,,False
2006-09-13,2006-09-13,45.8,,False
2006-09-20,2006-09-20,78.0,,False
2006-09-27,2006-09-27,49.9,,False
2006-10-04,2006-10-04,69.7,,False
2006-10-11,2006-10-11,60.09,,False
2006-10-18,2006-10-18,84.41,,False
2006-10-25,2006-10-25,80.16,,False
2006-11-01,2006-11-01,80.96,,False
2006-11-08,2006-11-08,73.96,,False
2006-11-15,2006-11-15,68.1,70.0,False
2006-11-22,2006-11-22,92.43,100.0,False
2006-11-29,2006-11-29,86.67,95.45,False
2006-12-06,2006-12-06,74.73,73.91,False
2006-12-13,2006-12-13,93.0,100.0,False
2006-12-20,2006-12-20,92.91,96.0,False
2006-12-27,2006-12-27,85.17,84.62,False
2007-01-03,2007-01-03,100.05,100.0,False
2007-01-10,2007-01-10,58.88,46.43,False
2007-01-17,2007-01-17,84.89,79.31,False
2007-01-24,2007-01-24,72.59,56.67,False
2007-01-31,2007-01-31,80.75,70.97,False
2007-02-07,2007-02-07,82.0,75.0,False
2007-02-14,2007-02-14,79.09,63.64,False
2007-02-21,2007-02-21,73.68,52.94,False
2007-02-28,2007-02-28,89.33,88.57,False
2007-03-07,2007-03-07,52.4,36.11,False
2007-03-14,2007-03-14,38.05,13.51,False
2007-03-21,2007-03-21,47.7,31.58,False
2007-03-28,2007-03-28,44.54,25.64,False
2007-04-04,2007-04-04,45.65,30.0,False
2007-04-11,2007-04-11,59.32,46.34,False
2007-04-18,2007-04-18,54.14,42.86,False
2007-04-25,2007-04-25,75.42,65.12,False
2007-05-02,2007-05-02,82.67,79.55,False
2007-05-09,2007-05-09,73.83,57.78,False
2007-05-16,2007-05-16,87.38,89.13,False
2007-05-23,2007-05-23,82.5,76.6,False
2007-05-30,2007-05-30,80.55,68.75,False
2007-06-06,2007-06-06,57.63,38.78,False
2007-06-13,2007-06-13,53.04,36.0,False
2007-06-20,2007-06-20,61.47,47.06,False
2007-06-27,2007-06-27,74.23,59.62,False
2007-07-05,2007-07-05,56.06,37.74,False
2007-07-11,2007-07-11,62.39,48.15,False
2007-07-18,2007-07-18,74.13,60.0,False
2007-07-25,2007-07-25,40.58,12.5,False
2007-08-01,2007-08-01,39.0,12.28,False
2007-08-08,2007-08-08,43.82,18.97,False
2007-08-15,2007-08-15,21.25,6.78,False
2007-08-22,2007-08-22,38.19,11.67,False
2007-08-29,2007-08-29,-2.11,1.64,False
2007-09-05,2007-09-05,39.62,17.74,False
2007-09-12,2007-09-12,46.55,33.33,False
2007-09-19,2007-09-19,63.5,54.69,False
2007-09-26,2007-09-26,77.36,70.77,False
2007-10-03,2007-10-03,75.49,69.7,False
2007-10-10,2007-10-10,66.43,53.73,False
2007-10-17,2007-10-17,86.46,89.71,False
2007-10-24,2007-10-24,69.14,55.07,False
2007-10-31,2007-10-31,65.69,51.43,False
2007-11-07,2007-11-07,84.44,85.92,False
2007-11-14,2007-11-14,68.35,54.17,False
2007-11-21,2007-11-21,51.04,34.25,False
2007-11-28,2007-11-28,51.07,35.14,False
2007-12-05,2007-12-05,69.43,57.33,False
2007-12-12,2007-12-12,73.57,60.53,False
2007-12-19,2007-12-19,56.27,40.26,False
2007-12-26,2007-12-26,74.79,69.23,False
2008-01-02,2008-01-02,83.55,84.81,False
2008-01-09,2008-01-09,41.45,16.25,False
2008-01-16,2008-01-16,12.92,2.47,False
2008-01-23,2008-01-23,39.91,15.85,False
2008-01-30,2008-01-30,25.63,8.43,False
2008-02-06,2008-02-06,30.89,9.52,False
2008-02-13,2008-02-13,15.33,3.53,False
2008-02-20,2008-02-20,33.67,12.79,False
2008-02-27,2008-02-27,13.96,3.45,False
2008-03-05,2008-03-05,38.34,17.05,False
2008-03-12,2008-03-12,45.28,31.46,False
2008-03-19,2008-03-19,44.0,27.78,False
2008-03-26,2008-03-26,26.69,10.99,False
2008-04-02,2008-04-02,42.07,25.0,False
2008-04-09,2008-04-09,46.92,37.63,False
2008-04-16,2008-04-16,49.86,40.43,False
2008-04-23,2008-04-23,59.27,51.58,False
2008-05-01,2008-05-01,74.47,71.88,False
2008-05-07,2008-05-07,66.04,57.73,False
2008-05-14,2008-05-14,56.41,47.96,False
2008-05-21,2008-05-21,68.72,61.62,False
2008-05-28,2008-05-28,69.48,64.0,False
2008-06-04,2008-06-04,58.15,48.51,False
2008-06-11,2008-06-11,36.46,13.73,False
2008-06-18,2008-06-18,44.22,28.16,False
2008-06-25,2008-06-25,32.0,12.5,False
2008-07-02,2008-07-02,28.03,10.48,False
2008-07-09,2008-07-09,2.03,1.89,False
2008-07-16,2008-07-16,10.22,2.8,False
2008-07-23,2008-07-23,13.81,4.63,False
2008-07-30,2008-07-30,12.56,3.67,False
2008-08-06,2008-08-06,18.3,9.09,False
2008-08-13,2008-08-13,33.27,18.02,False
2008-08-21,2008-08-21,39.76,25.89,False
2008-08-27,2008-08-27,30.03,15.04,False
2008-09-03,2008-09-03,29.92,14.91,False
2008-09-10,2008-09-10,28.32,14.78,False
2008-09-17,2008-09-17,16.09,7.76,False
2008-09-24,2008-09-24,19.11,11.11,False
2008-10-01,2008-10-01,16.27,8.47,False
2008-10-08,2008-10-08,-2.97,0.84,False
2008-10-15,2008-10-15,18.0,10.83,False
2008-10-22,2008-10-22,8.37,3.31,False
2008-10-29,2008-10-29,10.0,4.1,False
2008-11-05,2008-11-05,9.62,4.07,False
2008-11-12,2008-11-12,15.06,9.68,False
2008-11-19,2008-11-19,11.71,6.4,False
2008-11-26,2008-11-26,9.67,4.76,False
2008-12-03,2008-12-03,9.65,4.72,False
2008-12-10,2008-12-10,3.68,3.12,False
2008-12-17,2008-12-17,14.43,12.4,False
2008-12-24,2008-12-24,24.41,21.54,False
2008-12-31,2008-12-31,22.06,21.37,False
2009-01-07,2009-01-07,29.09,25.76,False
2009-01-14,2009-01-14,26.51,23.31,False
2009-01-21,2009-01-21,19.67,20.15,False
2009-01-28,2009-01-28,20.22,20.74,False
2009-02-04,2009-02-04,17.8,16.18,False
2009-02-11,2009-02-11,24.14,23.36,False
2009-02-18,2009-02-18,25.97,25.36,False
2009-02-25,2009-02-25,13.35,10.07,False
2009-03-04,2009-03-04,2.15,2.86,False
2009-03-11,2009-03-11,4.23,4.26,False
2009-03-18,2009-03-18,9.97,7.75,False
2009-03-25,2009-03-25,47.75,54.55,False
2009-04-01,2009-04-01,18.85,20.83,False
2009-04-08,2009-04-08,35.3,36.55,False
2009-04-15,2009-04-15,41.61,44.52,False
2009-04-22,2009-04-22,22.67,25.17,False
2009-04-29,2009-04-29,35.76,37.16,False
2009-05-06,2009-05-06,33.19,34.9,False
2009-05-13,2009-05-13,56.82,64.0,False
2009-05-20,2009-05-20,50.41,58.28,False
2009-05-27,2009-05-27,40.34,43.42,False
2009-06-03,2009-06-03,51.46,60.13,False
2009-06-10,2009-06-10,64.81,70.78,False
2009-06-17,2009-06-17,49.92,57.42,False
2009-06-24,2009-06-24,27.97,28.21,False
2009-07-01,2009-07-01,35.67,36.31,False
2009-07-08,2009-07-08,21.65,22.78,False
2009-07-15,2009-07-15,22.61,23.9,False
2009-07-22,2009-07-22,37.38,38.75,False
2009-07-29,2009-07-29,37.41,39.13,False
2009-08-05,2009-08-05,69.0,75.93,False
2009-08-12,2009-08-12,51.56,61.35,False
2009-08-19,2009-08-19,31.22,32.93,False
2009-08-26,2009-08-26,55.21,63.64,False
2009-09-02,2009-09-02,54.71,63.25,False
2009-09-09,2009-09-09,63.06,71.26,False
2009-09-16,2009-09-16,68.0,74.4,False
2009-09-23,2009-09-23,80.64,89.35,False
2009-09-30,2009-09-30,86.41,95.29,False
2009-10-07,2009-10-07,67.86,73.1,False
2009-10-14,2009-10-14,74.38,82.56,False
2009-10-21,2009-10-21,77.83,86.13,False
2009-10-28,2009-10-28,74.68,82.76,False
2009-11-04,2009-11-04,64.94,69.71,False
2009-11-11,2009-11-11,69.21,75.57,False
2009-11-18,2009-11-18,65.56,69.49,False
2009-11-25,2009-11-25,67.07,71.35,False
2009-12-02,2009-12-02,82.19,91.06,False
2009-12-09,2009-12-09,68.74,73.89,False
2009-12-16,2009-12-16,75.57,85.08,False
2009-12-23,2009-12-23,61.08,64.29,False
2009-12-30,2009-12-30,74.56,81.97,False
2010-01-06,2010-01-06,70.65,76.63,False
2010-01-13,2010-01-13,72.97,77.3,False
2010-01-20,2010-01-20,63.83,65.59,False
2010-01-27,2010-01-27,61.91,63.64,False
2010-02-03,2010-02-03,33.18,29.79,False
2010-02-10,2010-02-10,21.76,19.58,False
2010-02-17,2010-02-17,36.51,34.21,False
2010-02-24,2010-02-24,44.55,46.07,False
2010-03-03,2010-03-03,54.89,57.29,False
2010-03-10,2010-03-10,51.19,53.89,False
2010-03-17,2010-03-17,77.3,86.08,False
2010-03-24,2010-03-24,76.45,85.64,False
2010-03-31,2010-03-31,83.26,92.86,False
2010-04-07,2010-04-07,85.91,95.43,False
2010-04-14,2010-04-14,77.22,84.85,False
2010-04-21,2010-04-21,81.64,89.95,False
2010-04-28,2010-04-28,83.91,93.0,False
2010-05-05,2010-05-05,67.89,68.66,False
2010-05-12,2010-05-12,42.39,41.09,False
2010-05-19,2010-05-19,40.38,37.93,False
2010-05-26,2010-05-26,40.67,38.73,False
2010-06-02,2010-06-02,27.05,22.93,False
2010-06-09,2010-06-09,34.76,30.1,False
2010-06-16,2010-06-16,30.42,26.09,False
2010-06-23,2010-06-23,54.24,55.77,False
2010-06-30,2010-06-30,36.05,32.06,False
2010-07-07,2010-07-07,13.47,8.57,False
2010-07-14,2010-07-14,49.85,50.24,False
2010-07-21,2010-07-21,45.33,46.7,False
2010-07-28,2010-07-28,50.21,52.11,False
2010-08-04,2010-08-04,59.11,61.68,False
2010-08-11,2010-08-11,54.68,56.74,False
2010-08-18,2010-08-18,56.08,58.8,False
2010-08-25,2010-08-25,43.94,42.4,False
2010-09-01,2010-09-01,52.78,55.05,False
2010-09-08,2010-09-08,48.26,48.86,False
2010-09-15,2010-09-15,42.3,40.91,False
2010-09-22,2010-09-22,55.29,58.82,False
2010-09-29,2010-09-29,68.26,72.52,False
2010-10-06,2010-10-06,76.42,84.75,False
2010-10-13,2010-10-13,67.14,70.09,False
2010-10-20,2010-10-20,72.17,76.89,False
2010-10-27,2010-10-27,57.66,60.62,False
2010-11-03,2010-11-03,69.47,75.33,False
2010-11-11,2010-11-11,71.46,76.75,False
2010-11-17,2010-11-17,66.59,68.56,False
2010-11-24,2010-11-24,66.67,68.7,False
2010-12-01,2010-12-01,62.47,64.07,False
2010-12-08,2010-12-08,63.11,64.66,False
2010-12-15,2010-12-15,74.74,83.26,False
2010-12-22,2010-12-22,81.83,91.03,False
2010-12-29,2010-12-29,80.21,88.51,False
2011-01-05,2011-01-05,78.51,87.29,False
2011-01-12,2011-01-12,76.88,84.81,False
2011-01-19,2011-01-19,70.83,75.21,False
2011-01-26,2011-01-26,76.18,83.68,False
2011-02-02,2011-02-02,82.12,91.67,False
2011-02-09,2011-02-09,86.28,96.27,False
2011-02-16,2011-02-16,83.73,93.39,False
2011-02-23,2011-02-23,68.12,68.72,False
2011-03-02,2011-03-02,70.92,74.18,False
2011-03-09,2011-03-09,75.34,81.22,False
2011-03-16,2011-03-16,41.0,34.55,False
2011-03-23,2011-03-23,50.83,47.37,False
2011-03-30,2011-03-30,70.92,73.99,False
2011-04-06,2011-04-06,80.79,89.16,False
2011-04-13,2011-04-13,80.63,88.0,False
2011-04-20,2011-04-20,82.95,92.43,False
2011-04-27,2011-04-27,81.9,90.08,False
2011-05-04,2011-05-04,76.13,81.35,False
2011-05-11,2011-05-11,74.66,77.78,False
2011-05-18,2011-05-18,68.41,67.06,False
2011-05-25,2011-05-25,58.93,54.76,False
2011-06-01,2011-06-01,52.86,47.62,False
2011-06-08,2011-06-08,42.79,35.32,False
2011-06-15,2011-06-15,25.95,16.67,False
2011-06-22,2011-06-22,29.27,20.24,False
2011-06-29,2011-06-29,31.98,22.62,False
2011-07-06,2011-07-06,50.39,43.65,False
2011-07-13,2011-07-13,53.93,48.02,False
2011-07-20,2011-07-20,66.31,62.3,False
2011-07-27,2011-07-27,62.7,58.33,False
2011-08-03,2011-08-03,32.87,23.41,False
2011-08-10,2011-08-10,21.4,13.49,False
2011-08-17,2011-08-17,28.78,20.24,False
2011-08-24,2011-08-24,20.17,12.7,False
2011-08-31,2011-08-31,22.19,15.48,False
2011-09-07,2011-09-07,25.31,17.46,False
2011-09-14,2011-09-14,26.78,19.84,False
2011-09-21,2011-09-21,27.9,20.63,False
2011-09-28,2011-09-28,4.17,2.38,False
2011-10-05,2011-10-05,-3.56,0.4,False
2011-10-12,2011-10-12,0.0,1.59,False
2011-10-19,2011-10-19,21.32,15.08,False
2011-10-26,2011-10-26,38.12,33.73,False
2011-11-02,2011-11-02,45.42,44.05,False
2011-11-09,2011-11-09,44.05,42.06,False
2011-11-16,2011-11-16,54.0,53.97,False
2011-11-23,2011-11-23,34.77,30.16,False
2011-11-30,2011-11-30,30.02,25.4,False
2011-12-07,2011-12-07,34.8,30.95,False
2011-12-14,2011-12-14,35.69,32.14,False
2011-12-21,2011-12-21,36.62,34.13,False
2011-12-28,2011-12-28,43.56,42.86,False
2012-01-04,2012-01-04,43.14,42.86,False
2012-01-11,2012-01-11,49.34,49.6,False
2012-01-18,2012-01-18,52.5,54.37,False
2012-01-25,2012-01-25,56.33,60.32,False
2012-02-01,2012-02-01,67.52,72.22,False
2012-02-08,2012-02-08,72.66,80.56,False
2012-02-15,2012-02-15,73.0,80.95,False
2012-02-22,2012-02-22,76.28,87.7,False
2012-02-29,2012-02-29,73.78,81.75,False
2012-03-07,2012-03-07,57.37,60.71,False
2012-03-14,2012-03-14,71.79,80.16,False
2012-03-21,2012-03-21,68.64,75.0,False
2012-03-28,2012-03-28,71.97,80.95,False
2012-04-04,2012-04-04,69.82,78.17,False
2012-04-11,2012-04-11,51.93,53.57,False
2012-04-18,2012-04-18,46.14,46.83,False
2012-04-25,2012-04-25,48.31,48.81,False
2012-05-02,2012-05-02,63.68,66.67,False
2012-05-09,2012-05-09,64.21,67.06,False
2012-05-16,2012-05-16,58.71,62.3,False
2012-05-23,2012-05-23,31.78,27.38,False
2012-05-30,2012-05-30,28.65,23.81,False
2012-06-06,2012-06-06,49.32,48.81,False
2012-06-13,2012-06-13,43.63,42.86,False
2012-06-20,2012-06-20,52.33,54.37,False
2012-06-27,2012-06-27,44.84,44.44,False
2012-07-05,2012-07-05,63.28,65.87,False
2012-07-11,2012-07-11,61.85,63.49,False
2012-07-18,2012-07-18,67.74,72.22,False
2012-07-25,2012-07-25,74.39,84.92,False
2012-08-01,2012-08-01,67.8,72.62,False
2012-08-08,2012-08-08,70.75,79.76,False
2012-08-15,2012-08-15,76.26,89.68,False
2012-08-22,2012-08-22,69.21,77.18,False
2012-08-29,2012-08-29,82.89,96.43,False
2012-09-05,2012-09-05,77.43,92.06,False
2012-09-12,2012-09-12,72.99,82.94,False
2012-09-19,2012-09-19,81.19,94.44,False
2012-09-26,2012-09-26,69.75,77.38,False
2012-10-03,2012-10-03,76.03,87.7,False
2012-10-10,2012-10-10,64.59,66.67,False
2012-10-17,2012-10-17,65.38,67.46,False
2012-10-24,2012-10-24,64.39,66.27,False
2012-10-31,2012-10-31,75.11,86.9,False
2012-11-07,2012-11-07,57.95,59.52,False
2012-11-14,2012-11-14,67.22,70.63,False
2012-11-21,2012-11-21,64.2,65.08,False
2012-11-28,2012-11-28,55.19,55.16,False
2012-12-05,2012-12-05,75.71,87.7,False
2012-12-12,2012-12-12,82.91,97.22,False
2012-12-19,2012-12-19,80.19,92.46,False
2012-12-26,2012-12-26,88.1,100.0,False
2013-01-02,2013-01-02,75.98,86.51,False
2013-01-09,2013-01-09,83.27,97.62,False
2013-01-16,2013-01-16,84.67,98.41,False
2013-01-23,2013-01-23,86.38,99.21,False
2013-01-30,2013-01-30,104.25,100.0,False
2013-02-06,2013-02-06,94.06,99.6,False
2013-02-13,2013-02-13,89.85,99.21,False
2013-02-20,2013-02-20,91.07,99.21,False
2013-02-27,2013-02-27,82.77,93.25,False
2013-03-06,2013-03-06,90.15,98.81,False
2013-03-13,2013-03-13,85.64,96.03,False
2013-03-20,2013-03-20,79.77,87.7,False
2013-03-27,2013-03-27,80.06,87.7,False
2013-04-03,2013-04-03,72.71,75.79,False
2013-04-10,2013-04-10,77.25,85.32,False
2013-04-17,2013-04-17,69.63,70.24,False
2013-04-24,2013-04-24,69.9,71.03,False
2013-05-01,2013-05-01,80.61,88.49,False
2013-05-08,2013-05-08,79.11,86.51,False
2013-05-15,2013-05-15,84.23,95.24,False
2013-05-22,2013-05-22,82.02,90.87,False
2013-05-29,2013-05-29,77.19,82.94,False
2013-06-05,2013-06-05,51.58,42.86,False
2013-06-12,2013-06-12,61.9,52.78,False
2013-06-19,2013-06-19,51.53,41.67,False
2013-06-26,2013-06-26,34.21,23.81,False
2013-07-03,2013-07-03,39.91,28.97,False
2013-07-10,2013-07-10,47.08,36.11,False
2013-07-17,2013-07-17,61.73,51.98,False
2013-07-24,2013-07-24,87.5,97.62,False
2013-07-31,2013-07-31,74.05,74.6,False
2013-08-07,2013-08-07,75.7,78.17,False
2013-08-14,2013-08-14,69.85,67.46,False
2013-08-21,2013-08-21,34.76,21.23,False
2013-08-28,2013-08-28,46.92,33.73,False
2013-09-04,2013-09-04,42.26,28.17,False
2013-09-11,2013-09-11,66.75,58.73,False
2013-09-18,2013-09-18,62.48,51.59,False
2013-09-25,2013-09-25,80.47,86.9,False
2013-10-02,2013-10-02,73.13,73.02,False
2013-10-09,2013-10-09,54.26,42.06,False
2013-10-16,2013-10-16,82.05,90.48,False
2013-10-23,2013-10-23,79.37,84.52,False
2013-10-30,2013-10-30,94.59,99.6,False
2013-11-06,2013-11-06,84.81,94.84,False
2013-11-13,2013-11-13,80.67,86.9,False
2013-11-20,2013-11-20,87.43,96.83,False
2013-11-27,2013-11-27,101.45,99.6,False
2013-12-04,2013-12-04,94.75,99.21,False
2013-12-11,2013-12-11,100.69,99.21,False
2013-12-18,2013-12-18,94.35,98.02,False
2013-12-26,2013-12-26,98.94,98.81,False
2014-01-02,2014-01-02,95.03,98.41,False
2014-01-08,2014-01-08,92.27,96.43,False
2014-01-15,2014-01-15,96.83,98.41,False
2014-01-22,2014-01-22,95.13,98.02,False
2014-01-29,2014-01-29,70.94,63.1,False
2014-02-05,2014-02-05,50.97,30.16,False
2014-02-12,2014-02-12,73.26,67.06,False
2014-02-19,2014-02-19,75.95,72.22,False
2014-02-26,2014-02-26,91.62,95.24,False
2014-03-05,2014-03-05,89.06,93.65,False
2014-03-12,2014-03-12,85.2,90.08,False
2014-03-18,2014-03-18,67.77,51.59,False
2014-03-19,2014-03-19,89.84,93.65,False
2014-03-26,2014-03-26,91.12,94.84,False
2014-04-02,2014-04-02,91.43,94.84,False
2014-04-09,2014-04-09,85.21,88.89,False
2014-04-16,2014-04-16,75.92,69.05,False
2014-04-23,2014-04-23,76.58,72.62,False
2014-04-30,2014-04-30,82.63,83.73,False
2014-05-07,2014-05-07,76.81,72.22,False
2014-05-14,2014-05-14,78.18,75.0,False
2014-05-21,2014-05-21,67.23,46.83,False
2014-05-28,2014-05-28,72.52,59.13,False
2014-06-04,2014-06-04,90.86,93.65,False
2014-06-11,2014-06-11,87.3,90.48,False
2014-06-18,2014-06-18,88.59,91.67,False
2014-06-25,2014-06-25,88.15,91.27,False
2014-07-02,2014-07-02,85.48,87.3,False
2014-07-09,2014-07-09,82.47,81.35,False
2014-07-16,2014-07-16,81.91,79.37,False
2014-07-23,2014-07-23,82.75,82.14,False
2014-07-30,2014-07-30,81.62,77.78,False
2014-08-06,2014-08-06,50.87,24.6,False
2014-08-13,2014-08-13,50.61,24.21,False
2014-08-20,2014-08-20,56.77,32.94,False
2014-08-27,2014-08-27,78.84,72.62,False
2014-09-03,2014-09-03,82.49,81.35,False
2014-09-10,2014-09-10,63.63,39.68,False
2014-09-17,2014-09-17,67.08,44.44,False
2014-09-24,2014-09-24,59.76,35.71,False
2014-10-01,2014-10-01,41.03,15.08,False
2014-10-08,2014-10-08,33.14,9.13,False
2014-10-15,2014-10-15,9.97,1.59,False
2014-10-22,2014-10-22,41.38,16.27,False
2014-10-29,2014-10-29,74.78,62.7,False
2014-11-05,2014-11-05,77.68,71.43,False
2014-11-12,2014-11-12,85.43,87.3,False
2014-11-19,2014-11-19,72.06,56.35,False
2014-11-25,2014-11-25,86.78,89.29,False
2014-12-03,2014-12-03,86.06,88.1,False
2014-12-10,2014-12-10,89.01,91.67,False
2014-12-17,2014-12-17,65.12,41.67,False
2014-12-24,2014-12-24,90.59,93.25,False
2014-12-31,2014-12-31,95.86,98.02,False
2015-01-07,2015-01-07,71.11,53.17,False
2015-01-14,2015-01-14,87.13,88.1,False
2015-01-21,2015-01-21,89.01,90.67,False
2015-01-28,2015-01-28,92.62,95.24,False
2015-02-04,2015-02-04,88.24,89.29,False
2015-02-11,2015-02-11,84.05,81.75,False
2015-02-18,2015-02-18,87.81,88.1,False
2015-02-25,2015-02-25,99.23,98.81,False
2015-03-04,2015-03-04,92.15,94.05,False
2015-03-11,2015-03-11,65.68,40.87,False
2015-03-25,2015-03-25,84.32,80.95,False
2015-04-01,2015-04-01,75.86,60.71,False
2015-04-08,2015-04-08,86.73,84.92,False
2015-04-15,2015-04-15,86.67,84.52,False
2015-04-22,2015-04-22,75.88,59.92,False
2015-04-29,2015-04-29,90.6,91.67,False
2015-05-06,2015-05-06,80.3,69.44,False
2015-05-13,2015-05-13,60.38,31.35,False
2015-05-20,2015-05-20,67.61,41.67,False
2015-05-27,2015-05-27,65.5,37.3,False
2015-06-03,2015-06-03,71.07,49.21,False
2015-06-10,2015-06-10,68.7,44.05,False
2015-06-17,2015-06-17,58.64,28.17,False
2015-06-24,2015-06-24,58.96,28.97,False
2015-07-01,2015-07-01,54.84,24.6,False
2015-07-08,2015-07-08,54.99,24.6,False
2015-07-15,2015-07-15,52.24,21.43,False
2015-07-22,2015-07-22,52.34,22.22,False
2015-07-29,2015-07-29,50.75,19.05,False
2015-08-05,2015-08-05,63.17,33.33,False
2015-08-12,2015-08-12,48.08,17.06,False
2015-08-19,2015-08-19,41.48,12.7,False
2015-08-26,2015-08-26,28.31,5.16,False
2015-09-02,2015-09-02,23.85,3.57,False
2015-09-09,2015-09-09,26.04,4.76,False
2015-09-16,2015-09-16,31.57,7.94,False
2015-09-23,2015-09-23,21.34,2.78,False
2015-09-30,2015-09-30,16.39,1.98,False
2015-10-07,2015-10-07,38.3,13.49,False
2015-10-14,2015-10-14,44.27,18.25,False
2015-10-21,2015-10-21,35.67,12.3,False
2015-10-28,2015-10-28,56.71,30.95,False
2015-11-04,2015-11-04,69.16,47.22,False
2015-11-11,2015-11-11,68.58,46.43,False
2015-11-18,2015-11-18,58.47,32.54,False
2015-11-25,2015-11-25,70.45,50.79,False
2015-12-02,2015-12-02,68.12,46.23,False
2015-12-09,2015-12-09,67.92,46.03,False
2015-12-16,2015-12-16,61.32,35.32,False
2015-12-23,2015-12-23,56.66,30.95,False
2015-12-30,2015-12-30,47.67,21.03,False
2016-01-06,2016-01-06,50.26,23.02,False
2016-01-13,2016-01-13,34.5,11.11,False
2016-01-27,2016-01-27,42.25,16.27,False
2016-02-03,2016-02-03,22.41,4.37,False
2016-02-10,2016-02-10,32.87,10.52,False
2016-02-17,2016-02-17,41.05,16.27,False
2016-02-24,2016-02-24,31.65,9.52,False
2016-03-02,2016-03-02,54.44,31.75,False
2016-03-09,2016-03-09,51.01,27.38,False
2016-03-16,2016-03-16,62.72,41.27,False
2016-03-23,2016-03-23,59.59,38.1,False
2016-03-30,2016-03-30,67.94,50.79,False
2016-04-06,2016-04-06,73.21,60.71,False
2016-04-13,2016-04-13,63.97,42.46,False
2016-04-20,2016-04-20,82.5,76.59,False
2016-04-27,2016-04-27,74.19,61.51,False
2016-05-04,2016-05-04,67.66,47.62,False
2016-05-11,2016-05-11,49.55,23.41,False
2016-05-18,2016-05-18,60.17,36.11,False
2016-05-25,2016-05-25,64.67,43.25,False
2016-06-01,2016-06-01,68.94,51.19,False
2016-06-08,2016-06-08,74.8,62.3,False
2016-06-15,2016-06-15,75.96,65.08,False
2016-06-22,2016-06-22,69.35,51.19,False
2016-06-29,2016-06-29,74.52,61.11,False
2016-07-06,2016-07-06,65.43,42.06,False
2016-07-13,2016-07-13,96.52,97.62,False
2016-07-20,2016-07-20,92.64,94.44,False
2016-07-27,2016-07-27,101.02,99.21,False
2016-08-03,2016-08-03,93.05,94.05,False
2016-08-10,2016-08-10,92.86,93.65,False
2016-08-17,2016-08-17,98.79,97.62,False
2016-08-24,2016-08-24,97.8,97.22,False
2016-08-31,2016-08-31,88.1,84.33,False
2016-09-07,2016-09-07,90.85,88.89,False
2016-09-14,2016-09-14,68.55,44.44,False
2016-09-21,2016-09-21,79.31,66.67,False
2016-09-28,2016-09-28,84.52,76.59,False
2016-10-05,2016-10-05,78.49,65.08,False
2016-10-12,2016-10-12,86.53,80.16,False
2016-10-19,2016-10-19,63.7,32.94,False
2016-10-26,2016-10-26,66.47,37.3,False
2016-11-02,2016-11-02,58.08,25.0,False
2016-11-09,2016-11-09,72.96,51.98,False
2016-11-15,2016-11-15,83.42,74.6,False
2016-11-23,2016-11-23,86.56,80.16,False
2016-11-30,2016-11-30,98.02,97.22,False
2016-12-07,2016-12-07,101.6,99.6,False
2016-12-14,2016-12-14,96.23,95.24,False
2016-12-21,2016-12-21,101.33,98.81,False
2016-12-28,2016-12-28,100.6,97.62,False
2017-01-04,2017-01-04,99.43,97.22,False
2017-01-11,2017-01-11,89.29,84.13,False
2017-01-18,2017-01-18,94.09,91.27,False
2017-01-25,2017-01-25,99.28,96.83,False
2017-02-01,2017-02-01,94.02,90.08,False
2017-02-08,2017-02-08,96.26,93.65,False
2017-02-15,2017-02-15,95.89,92.86,False
2017-02-22,2017-02-22,100.83,98.02,False
2017-03-01,2017-03-01,102.07,99.6,False
2017-03-08,2017-03-08,87.09,75.79,False
2017-03-15,2017-03-15,80.77,62.3,False
2017-03-22,2017-03-22,68.68,38.89,False
2017-03-29,2017-03-29,68.28,37.7,False
2017-04-05,2017-04-05,71.02,43.65,False
2017-04-12,2017-04-12,82.95,67.46,False
2017-04-19,2017-04-19,74.2,48.02,False
2017-04-26,2017-04-26,88.09,77.78,False
2017-05-03,2017-05-03,82.31,63.49,False
2017-05-10,2017-05-10,95.2,91.27,False
2017-05-17,2017-05-17,94.62,89.68,False
2017-05-24,2017-05-24,97.49,93.65,False
2017-05-31,2017-05-31,95.86,91.07,False
2017-06-07,2017-06-07,92.1,84.13,False
2017-06-14,2017-06-14,93.37,86.51,False
2017-06-21,2017-06-21,92.69,85.32,False
2017-06-28,2017-06-28,97.47,93.25,False
2017-07-05,2017-07-05,93.36,85.71,False
2017-07-12,2017-07-12,90.99,80.56,False
2017-07-19,2017-07-19,85.82,68.25,False
2017-07-26,2017-07-26,96.39,92.06,False
2017-08-02,2017-08-02,90.95,79.76,False
2017-08-09,2017-08-09,83.82,62.7,False
2017-08-16,2017-08-16,85.19,65.08,False
2017-08-23,2017-08-23,87.93,72.62,False
2017-08-30,2017-08-30,84.08,62.3,False
2017-09-06,2017-09-06,88.66,75.0,False
2017-09-13,2017-09-13,97.12,92.86,False
2017-09-20,2017-09-20,102.04,99.21,False
2017-09-27,2017-09-27,106.62,100.0,False
2017-10-04,2017-10-04,109.2,100.0,False
2017-10-11,2017-10-11,95.84,88.1,False
2017-10-18,2017-10-18,95.38,87.7,False
2017-10-25,2017-10-25,91.37,78.57,False
2017-11-01,2017-11-01,83.08,57.54,False
2017-11-08,2017-11-08,87.23,67.86,False
2017-11-15,2017-11-15,78.51,48.02,False
2017-11-22,2017-11-22,88.37,71.43,False
2017-11-29,2017-11-29,97.34,91.67,False
2017-12-06,2017-12-06,89.84,74.01,False
2017-12-13,2017-12-13,120.56,100.0,False
2017-12-20,2017-12-20,101.85,98.02,False
2017-12-27,2017-12-27,96.29,89.29,False
2018-01-03,2018-01-03,90.4,74.6,False
2018-01-10,2018-01-10,88.88,71.83,False
2018-01-17,2018-01-17,86.34,63.49,False
2018-01-24,2018-01-24,95.38,86.31,False
2018-01-31,2018-01-31,84.93,59.92,False
2018-02-07,2018-02-07,75.9,43.65,False
2018-02-14,2018-02-14,65.43,26.39,False
2018-02-21,2018-02-21,62.69,23.41,False
2018-02-28,2018-02-28,81.0,51.59,False
2018-03-07,2018-03-07,72.05,37.7,False
2018-03-14,2018-03-14,85.35,61.11,False
2018-03-21,2018-03-21,77.28,46.83,False
2018-03-28,2018-03-28,49.36,11.51,False
2018-04-04,2018-04-04,55.57,17.86,False
2018-04-11,2018-04-11,65.12,26.79,False
2018-04-18,2018-04-18,77.64,47.22,False
2018-04-25,2018-04-25,64.2,25.4,False
2018-05-02,2018-05-02,52.56,15.08,False
2018-05-09,2018-05-09,69.82,35.32,False
2018-05-16,2018-05-16,85.43,61.31,False
2018-05-23,2018-05-23,83.95,56.75,False
2018-05-30,2018-05-30,82.24,52.78,False
2018-06-06,2018-06-06,91.67,78.17,False
2018-06-13,2018-06-13,103.93,98.81,False
2018-06-20,2018-06-20,89.2,71.83,False
2018-06-27,2018-06-27,85.06,58.33,False
2018-07-04,2018-07-04,76.38,43.25,False
2018-07-11,2018-07-11,88.56,69.05,False
2018-07-18,2018-07-18,82.01,50.0,False
2018-07-25,2018-07-25,84.96,57.54,False
2018-08-01,2018-08-01,76.36,42.06,False
2018-08-08,2018-08-08,87.6,65.87,False
2018-08-15,2018-08-15,78.27,44.44,False
2018-08-22,2018-08-22,86.46,61.51,False
2018-08-29,2018-08-29,98.3,92.46,False
2018-09-05,2018-09-05,85.01,56.75,False
2018-09-12,2018-09-12,90.19,73.02,False
2018-09-19,2018-09-19,83.92,53.17,False
2018-09-26,2018-09-26,90.73,74.21,False
2018-10-03,2018-10-03,84.49,55.16,False
2018-10-10,2018-10-10,52.86,13.49,False
2018-10-18,2018-10-18,67.76,27.78,False
2018-10-24,2018-10-24,51.49,12.3,False
2018-10-31,2018-10-31,61.47,20.63,False
2018-11-07,2018-11-07,64.96,24.21,False
2018-11-14,2018-11-14,35.13,5.16,False
2018-11-21,2018-11-21,30.55,3.17,False
2018-11-28,2018-11-28,53.21,15.08,False
2018-12-05,2018-12-05,61.96,22.22,False
2018-12-12,2018-12-12,55.51,16.27,False
2018-12-19,2018-12-19,31.96,4.37,False
2018-12-26,2018-12-26,47.59,9.52,False
2019-01-02,2019-01-02,59.43,20.63,False
2019-01-09,2019-01-09,66.8,30.16,False
2019-01-16,2019-01-16,75.51,43.25,False
2019-01-23,2019-01-23,72.84,40.08,False
2019-01-30,2019-01-30,76.33,45.63,False
2019-02-06,2019-02-06,83.39,57.14,False
2019-02-13,2019-02-13,82.01,53.37,False
2019-02-20,2019-02-20,77.86,48.81,False
2019-02-27,2019-02-27,79.33,51.19,False
2019-03-06,2019-03-06,73.9,41.27,False
2019-03-13,2019-03-13,77.4,47.62,False
2019-03-20,2019-03-20,78.25,49.21,False
2019-03-27,2019-03-27,61.69,23.41,False
2019-04-03,2019-04-03,91.92,81.35,False
2019-04-10,2019-04-10,88.9,74.6,False
2019-04-17,2019-04-17,93.37,84.72,False
2019-04-24,2019-04-24,92.43,81.75,False
2019-05-01,2019-05-01,89.8,75.79,False
2019-05-08,2019-05-08,82.02,53.97,False
2019-05-15,2019-05-15,72.82,39.68,False
2019-05-22,2019-05-22,70.07,37.3,False
2019-05-29,2019-05-29,59.69,21.43,False
2019-06-05,2019-06-05,54.99,16.87,False
2019-06-12,2019-06-12,74.26,43.65,False
2019-06-19,2019-06-19,74.91,44.84,False
2019-06-26,2019-06-26,72.28,40.08,False
2019-07-03,2019-07-03,79.36,52.78,False
2019-07-10,2019-07-10,87.34,69.44,False
2019-07-17,2019-07-17,81.85,53.97,False
2019-07-24,2019-07-24,95.75,87.3,False
2019-07-31,2019-07-31,91.41,79.37,False
2019-08-07,2019-08-07,56.59,17.46,False
2019-08-14,2019-08-14,58.08,18.45,False
2019-08-21,2019-08-21,70.18,36.11,False
2019-08-28,2019-08-28,59.99,20.63,False
2019-09-04,2019-09-04,56.15,15.87,False
2019-09-11,2019-09-11,75.76,44.05,False
2019-09-18,2019-09-18,77.09,47.22,False
2019-09-25,2019-09-25,64.85,26.19,False
2019-10-02,2019-10-02,57.39,17.46,False
2019-10-09,2019-10-09,57.32,17.46,False
2019-10-16,2019-10-16,57.08,17.46,False
2019-10-23,2019-10-23,65.67,30.16,False
2019-10-30,2019-10-30,88.94,73.41,False
2019-11-06,2019-11-06,92.26,80.95,False
2019-11-13,2019-11-13,72.25,40.08,False
2019-11-20,2019-11-20,78.23,50.4,False
2019-11-27,2019-11-27,76.66,48.41,False
2019-12-04,2019-12-04,77.8,50.4,False
2019-12-11,2019-12-11,78.71,53.17,False
2019-12-18,2019-12-18,98.9,94.05,False
2019-12-25,2019-12-25,97.44,91.27,False
2020-01-01,2020-01-01,86.99,68.65,False
2020-01-08,2020-01-08,94.16,85.32,False
2020-01-15,2020-01-15,89.47,75.0,False
2020-01-22,2020-01-22,93.75,84.13,False
2020-01-29,2020-01-29,77.07,48.41,False
2020-02-05,2020-02-05,62.49,24.6,False
2020-02-12,2020-02-12,86.08,65.87,False
2020-02-19,2020-02-19,87.91,69.84,False
2020-02-26,2020-02-26,65.03,28.57,False
2020-03-04,2020-03-04,29.03,2.78,False
2020-03-11,2020-03-11,16.59,0.79,False
2020-03-18,2020-03-18,10.65,0.4,False
2020-03-25,2020-03-25,25.87,2.78,False
2020-04-01,2020-04-01,23.67,2.38,False
2020-04-08,2020-04-08,26.74,3.97,False
2020-04-15,2020-04-15,28.71,4.76,False
2020-04-22,2020-04-22,45.34,10.71,False
2020-04-29,2020-04-29,78.55,53.57,False
2020-05-06,2020-05-06,67.95,34.52,False
2020-05-13,2020-05-13,57.71,21.03,False
2020-05-20,2020-05-20,63.22,27.38,False
2020-05-27,2020-05-27,81.65,55.95,False
2020-06-03,2020-06-03,91.6,78.97,False
2020-06-10,2020-06-10,77.48,49.21,False
2020-06-17,2020-06-17,88.25,71.03,False
2020-06-24,2020-06-24,76.57,46.43,False
2020-07-01,2020-07-01,71.47,37.7,False
2020-07-08,2020-07-08,85.09,63.49,False
2020-07-15,2020-07-15,90.53,76.19,False
2020-07-22,2020-07-22,97.88,92.86,False
2020-07-29,2020-07-29,97.44,91.07,False
2020-08-05,2020-08-05,94.55,84.52,False
2020-08-12,2020-08-12,101.2,96.43,False
2020-08-19,2020-08-19,100.13,94.84,False
2020-08-26,2020-08-26,106.56,98.81,False
2020-09-02,2020-09-02,94.71,83.73,False
2020-09-09,2020-09-09,53.09,10.71,False
2020-09-16,2020-09-16,59.3,17.06,False
2020-09-23,2020-09-23,55.3,12.3,False
2020-09-30,2020-09-30,58.25,17.06,False
2020-10-07,2020-10-07,73.05,36.51,False
2020-10-14,2020-10-14,102.93,98.02,False
2020-10-21,2020-10-21,87.07,63.89,False
2020-10-28,2020-10-28,77.87,45.63,False
2020-11-04,2020-11-04,69.2,30.16,False
2020-11-11,2020-11-11,96.3,87.3,False
2020-11-18,2020-11-18,106.41,98.41,False
2020-11-25,2020-11-25,106.74,99.21,False
2020-12-02,2020-12-02,103.17,97.22,False
2020-12-09,2020-12-09,106.11,97.62,False
2020-12-16,2020-12-16,101.47,94.44,False
2020-12-23,2020-12-23,89.11,67.46,False
2020-12-30,2020-12-30,82.97,51.19,False
2021-01-06,2021-01-06,94.51,79.76,False
2021-01-13,2021-01-13,106.76,99.21,False
2021-01-20,2021-01-20,112.93,99.6,False
2021-01-27,2021-01-27,83.51,51.19,False
2021-02-03,2021-02-03,79.15,43.65,False
2021-02-10,2021-02-10,110.28,99.21,False
2021-02-17,2021-02-17,108.32,98.41,False
2021-02-24,2021-02-24,84.99,53.57,False
2021-03-03,2021-03-03,65.37,20.24,False
2021-03-10,2021-03-10,48.62,5.16,False
2021-03-17,2021-03-17,78.55,41.87,False
2021-03-24,2021-03-24,57.52,11.51,False
2021-03-31,2021-03-31,52.02,6.35,False
2021-04-07,2021-04-07,89.95,67.46,False
2021-04-14,2021-04-14,96.57,84.52,False
2021-04-21,2021-04-21,95.6,80.16,False
2021-04-28,2021-04-28,103.72,95.24,False
2021-05-05,2021-05-05,87.79,59.13,False
2021-05-12,2021-05-12,46.86,4.76,False
2021-05-19,2021-05-19,44.21,4.37,False
2021-05-26,2021-05-26,68.3,24.21,False
2021-06-02,2021-06-02,82.27,46.83,False
2021-06-09,2021-06-09,79.65,43.65,False
2021-06-16,2021-06-16,98.52,88.89,False
2021-06-23,2021-06-23,70.86,26.98,False
2021-06-30,2021-06-30,91.72,73.02,False
2021-07-07,2021-07-07,82.54,48.41,False
2021-07-14,2021-07-14,93.27,75.0,False
2021-07-21,2021-07-21,71.04,27.38,False
2021-07-28,2021-07-28,78.39,40.48,False
2021-08-04,2021-08-04,97.72,87.3,False
2021-08-11,2021-08-11,97.55,86.9,False
2021-08-18,2021-08-18,70.57,26.19,False
2021-08-25,2021-08-25,92.83,73.81,False
2021-09-01,2021-09-01,93.95,75.79,False
2021-09-08,2021-09-08,84.68,51.59,False
2021-09-15,2021-09-15,87.02,57.54,False
2021-09-22,2021-09-22,77.7,36.9,False
2021-09-29,2021-09-29,55.02,9.52,False
2021-10-06,2021-10-06,68.6,23.81,False
2021-10-13,2021-10-13,64.46,19.05,False
2021-10-20,2021-10-20,98.02,88.89,False
2021-10-27,2021-10-27,103.35,94.84,False
2021-11-03,2021-11-03,107.99,98.02,False
2021-11-10,2021-11-10,103.69,94.44,False
2021-11-17,2021-11-17,102.54,92.86,False
2021-11-24,2021-11-24,103.14,93.25,False
2021-12-01,2021-12-01,87.87,61.51,False
2021-12-08,2021-12-08,69.46,25.4,False
2021-12-15,2021-12-15,52.22,7.54,False
2021-12-22,2021-12-22,67.02,23.02,False
2021-12-29,2021-12-29,85.71,57.94,False
2022-01-05,2022-01-05,89.54,68.25,False
2022-01-12,2022-01-12,74.78,33.33,False
2022-01-19,2022-01-19,56.73,12.3,False
2022-01-26,2022-01-26,53.39,9.52,False
2022-02-02,2022-02-02,62.54,19.05,False
2022-02-09,2022-02-09,66.8,24.01,False
2022-02-16,2022-02-16,53.49,9.92,False
2022-02-23,2022-02-23,44.41,4.76,False
2022-03-02,2022-03-02,30.3,3.17,False
2022-03-09,2022-03-09,42.58,4.76,False
2022-03-16,2022-03-16,46.68,6.35,False
2022-03-23,2022-03-23,52.69,9.92,False
2022-03-30,2022-03-30,79.72,48.41,False
2022-04-06,2022-04-06,83.41,53.57,False
2022-04-13,2022-04-13,63.29,22.62,False
2022-04-20,2022-04-20,74.05,35.71,False
2022-04-27,2022-04-27,46.25,6.35,False
2022-05-04,2022-05-04,31.76,3.97,False
2022-05-11,2022-05-11,24.31,1.59,False
2022-05-18,2022-05-18,19.51,1.19,False
2022-05-25,2022-05-25,33.19,5.56,False
2022-06-01,2022-06-01,34.33,5.95,False
2022-06-08,2022-06-08,50.0,10.71,False
2022-06-15,2022-06-15,32.18,5.56,False
2022-06-22,2022-06-22,18.86,1.19,False
2022-06-29,2022-06-29,30.66,5.16,False
2022-07-06,2022-07-06,27.85,3.57,False
2022-07-13,2022-07-13,26.74,3.37,False
2022-07-20,2022-07-20,44.48,9.92,False
2022-07-27,2022-07-27,47.21,11.9,False
2022-08-03,2022-08-03,55.28,18.65,False
2022-08-10,2022-08-10,71.59,38.89,False
2022-08-17,2022-08-17,64.44,29.37,False
2022-08-24,2022-08-24,54.86,17.86,False
2022-08-31,2022-08-31,32.36,7.54,False
2022-09-07,2022-09-07,27.33,3.97,False
2022-09-14,2022-09-14,33.86,8.73,False
2022-09-21,2022-09-21,29.59,5.56,False
2022-09-28,2022-09-28,12.61,0.79,False
2022-10-05,2022-10-05,38.11,10.71,False
2022-10-12,2022-10-12,19.84,2.38,False
2022-10-19,2022-10-19,43.28,11.9,False
2022-10-26,2022-10-26,53.91,21.03,False
2022-11-02,2022-11-02,55.22,22.62,False
2022-11-09,2022-11-09,53.33,20.24,False
2022-11-16,2022-11-16,64.96,35.52,False
2022-11-23,2022-11-23,60.29,30.56,False
2022-11-30,2022-11-30,64.36,34.52,False
2022-12-07,2022-12-07,55.69,25.0,False
2022-12-14,2022-12-14,71.6,45.63,False
2022-12-21,2022-12-21,39.35,11.51,False
2022-12-28,2022-12-28,43.48,12.7,False
2023-01-04,2023-01-04,38.79,11.51,False
2023-01-11,2023-01-11,45.31,14.68,False
2023-01-18,2023-01-18,65.07,38.89,False
2023-01-25,2023-01-25,75.23,51.19,False
2023-02-01,2023-02-01,78.37,58.73,False
2023-02-08,2023-02-08,85.4,70.63,False
2023-02-15,2023-02-15,81.43,61.9,False
2023-02-22,2023-02-22,57.09,27.78,False
2023-03-01,2023-03-01,47.41,17.06,False
2023-03-08,2023-03-08,60.11,32.14,False
2023-03-15,2023-03-15,41.92,12.3,False
2023-03-22,2023-03-22,53.21,21.63,False
2023-03-29,2023-03-29,65.15,39.68,False
2023-04-05,2023-04-05,72.89,49.21,False
2023-04-12,2023-04-12,58.71,31.35,False
2023-04-19,2023-04-19,78.26,59.52,False
2023-04-26,2023-04-26,50.81,19.05,False
2023-05-03,2023-05-03,67.01,42.46,False
2023-05-10,2023-05-10,65.22,40.87,False
2023-05-17,2023-05-17,59.0,32.14,False
2023-05-24,2023-05-24,65.51,42.06,False
2023-05-31,2023-05-31,53.92,24.21,False
2023-06-07,2023-06-07,90.07,80.16,False
2023-06-14,2023-06-14,81.66,66.27,False
2023-06-21,2023-06-21,83.6,70.24,False
2023-06-28,2023-06-28,75.93,55.95,False
2023-07-05,2023-07-05,83.11,69.44,False
2023-07-12,2023-07-12,93.34,84.92,False
2023-07-19,2023-07-19,99.05,92.46,False
2023-07-26,2023-07-26,101.82,93.65,False
2023-08-02,2023-08-02,78.46,62.7,False
2023-08-09,2023-08-09,65.49,42.06,False
2023-08-16,2023-08-16,59.87,33.73,False
2023-08-23,2023-08-23,34.36,10.71,False
2023-08-30,2023-08-30,61.19,35.32,False
2023-09-06,2023-09-06,49.73,19.05,False
2023-09-13,2023-09-13,57.98,30.95,False
2023-09-20,2023-09-20,54.33,23.81,False
2023-09-27,2023-09-27,43.01,12.7,False
2023-10-04,2023-10-04,36.21,10.71,False
2023-10-11,2023-10-11,45.8,16.27,False
2023-10-18,2023-10-18,66.67,43.25,False
2023-10-25,2023-10-25,24.82,3.57,False
2023-11-01,2023-11-01,29.17,6.75,False
2023-11-08,2023-11-08,61.76,36.51,False
2023-11-15,2023-11-15,72.06,50.4,False
2023-11-22,2023-11-22,77.95,60.32,False
2023-11-29,2023-11-29,81.38,65.87,False
2023-12-06,2023-12-06,76.09,55.95,False
2023-12-13,2023-12-13,77.97,60.71,False
2023-12-20,2023-12-20,97.32,88.49,False
2023-12-27,2023-12-27,102.71,94.05,False
2024-01-03,2024-01-03,70.95,48.81,False
2024-01-10,2024-01-10,80.18,65.48,False
2024-01-17,2024-01-17,53.54,23.81,False
2024-01-24,2024-01-24,84.13,70.63,False
2024-01-31,2024-01-31,87.36,75.0,False
2024-02-07,2024-02-07,93.77,84.13,False
2024-02-14,2024-02-14,95.58,86.11,False
2024-02-21,2024-02-21,74.7,53.97,False
2024-02-28,2024-02-28,88.99,77.78,False
2024-03-06,2024-03-06,93.99,84.13,False
2024-03-13,2024-03-13,104.75,96.43,False
2024-03-20,2024-03-20,93.22,81.35,False
2024-03-27,2024-03-27,103.88,96.03,False
2024-04-03,2024-04-03,84.24,69.44,False
2024-04-10,2024-04-10,81.92,65.87,False
2024-04-17,2024-04-17,62.98,36.9,False
2024-04-24,2024-04-24,59.48,33.73,False
2024-05-01,2024-05-01,61.97,36.51,False
2024-05-08,2024-05-08,91.55,78.97,False
2024-05-15,2024-05-15,89.25,76.19,False
2024-05-22,2024-05-22,94.45,84.13,False
2024-05-29,2024-05-29,92.21,79.76,False
2024-06-05,2024-06-05,68.65,46.43,False
2024-06-12,2024-06-12,86.3,71.43,False
2024-06-19,2024-06-19,85.26,69.84,False
2024-06-26,2024-06-26,85.44,70.24,False
2024-07-03,2024-07-03,103.66,94.84,False
2024-07-10,2024-07-10,93.84,82.14,False
2024-07-17,2024-07-17,87.94,73.41,False
2024-07-24,2024-07-24,76.7,53.57,False
2024-07-31,2024-07-31,83.93,65.87,False
2024-08-07,2024-08-07,75.33,51.19,False
2024-08-14,2024-08-14,56.57,27.78,False
2024-08-21,2024-08-21,74.68,49.6,False
2024-08-28,2024-08-28,81.34,61.11,False
2024-09-04,2024-09-04,70.65,45.24,False
2024-09-11,2024-09-11,71.93,48.02,False
2024-09-18,2024-09-18,87.46,72.62,False
2024-09-25,2024-09-25,86.64,70.63,False
2024-10-02,2024-10-02,86.93,70.63,False
2024-10-09,2024-10-09,90.26,77.38,False
2024-10-16,2024-10-16,81.68,61.9,False
2024-10-23,2024-10-23,79.13,58.33,False
2024-10-30,2024-10-30,82.53,63.49,False
2024-11-06,2024-11-06,88.31,75.4,False
2024-11-13,2024-11-13,91.6,79.56,False
2024-11-20,2024-11-20,91.33,78.97,False
2024-11-27,2024-11-27,98.93,90.08,False
2024-12-04,2024-12-04,85.49,69.05,False
2024-12-11,2024-12-11,99.24,90.48,False
2024-12-18,2024-12-18,82.5,62.7,False
2024-12-25,2024-12-25,80.39,59.13,False
2025-01-01,2025-01-01,64.1,35.71,False
2025-01-08,2025-01-08,65.38,38.89,False
2025-01-15,2025-01-15,70.21,43.65,False
2025-01-22,2025-01-22,86.08,69.84,False
2025-01-29,2025-01-29,68.28,40.87,False
2025-02-05,2025-02-05,84.91,66.67,False
2025-02-12,2025-02-12,75.62,50.0,False
2025-02-19,2025-02-19,91.48,78.17,False
2025-02-26,2025-02-26,87.87,72.82,False
2025-03-05,2025-03-05,74.96,48.41,False
2025-03-12,2025-03-12,68.8,40.48,False
2025-03-19,2025-03-19,64.64,33.73,False
2025-03-26,2025-03-26,57.55,26.19,False
2025-04-02,2025-04-02,49.37,16.27,False
2025-04-09,2025-04-09,56.96,25.79,False
2025-04-16,2025-04-16,35.16,8.33,False
2025-04-23,2025-04-23,40.67,10.32,False
2025-04-30,2025-04-30,59.92,30.95,False
2025-05-07,2025-05-07,81.06,59.13,False
2025-05-14,2025-05-14,70.56,44.44,False
2025-05-21,2025-05-21,80.87,59.52,False
2025-05-28,2025-05-28,88.41,75.79,False
2025-06-04,2025-06-04,81.62,61.51,False
2025-06-11,2025-06-11,82.66,64.68,False
2025-06-18,2025-06-18,94.09,85.32,False
2025-06-25,2025-06-25,81.41,61.11,False
2025-07-02,2025-07-02,99.3,91.67,False
2025-07-09,2025-07-09,86.28,71.83,False
2025-07-16,2025-07-16,83.69,66.67,False
2025-07-23,2025-07-23,81.07,59.13,False
2025-07-30,2025-07-30,76.85,51.98,False
2025-08-06,2025-08-06,96.26,87.3,False
2025-08-13,2025-08-13,85.66,70.63,False
2025-08-20,2025-08-20,98.15,90.08,False
2025-08-27,2025-08-27,92.94,82.14,False
2025-09-03,2025-09-03,81.58,59.92,False
2025-09-10,2025-09-10,86.11,71.43,False
2025-09-17,2025-09-17,84.76,67.86,False
2025-09-24,2025-09-24,86.24,72.22,False
2025-10-01,2025-10-01,80.66,57.14,False
2025-10-08,2025-10-08,84.57,67.86,False
2025-10-15,2025-10-15,84.87,69.05,False
2025-10-22,2025-10-22,90.35,81.35,False
2025-10-29,2025-10-29,100.83,94.05,False
2025-11-05,2025-11-05,90.06,80.16,False
2025-11-12,2025-11-12,87.87,76.98,False
2025-11-19,2025-11-19,86.56,74.21,False
2025-11-26,2025-11-26,89.92,80.16,False
2025-12-03,2025-12-03,98.57,92.86,False
2025-12-10,2025-12-10,97.13,90.48,False
2025-12-17,2025-12-17,100.7,95.24,False
2025-12-24,2025-12-24,95.08,88.49,False
2025-12-31,2025-12-31,92.93,84.13,False
2026-01-07,2026-01-07,97.72,91.47,False
2026-01-14,2026-01-14,96.01,88.89,False
2026-01-21,2026-01-21,88.46,76.59,False
2026-01-28,2026-01-28,92.58,82.54,False
2026-02-04,2026-02-04,84.93,66.67,False
2026-02-11,2026-02-11,80.61,54.76,False
2026-02-18,2026-02-18,82.87,62.3,False
2026-02-25,2026-02-25,74.93,46.83,False
2026-03-04,2026-03-04,79.29,53.57,False
2026-03-11,2026-03-11,66.99,36.9,False
2026-03-18,2026-03-18,60.24,28.17,False
2026-03-25,2026-03-25,68.52,38.49,False
2026-04-01,2026-04-01,68.36,38.49,False
2026-04-08,2026-04-08,69.38,40.48,False
2026-04-15,2026-04-15,79.49,54.76,False
2026-04-22,2026-04-22,94.15,88.49,False
2026-04-29,2026-04-29,93.79,86.51,False
2026-05-06,2026-05-06,96.67,90.48,False
2026-05-13,2026-05-13,77.34,50.79,False
2026-05-20,2026-05-20,82.02,61.51,False
2026-05-27,2026-05-27,98.39,93.25,False
