date,publish_date,nfci,nfci_pctl
1990-01-05,1990-01-06,0.034,
1990-01-12,1990-01-13,0.046,
1990-01-19,1990-01-20,0.056,
1990-01-26,1990-01-27,0.063,
1990-02-02,1990-02-03,0.065,
1990-02-09,1990-02-10,0.062,
1990-02-16,1990-02-17,0.057,
1990-02-23,1990-02-24,0.051,
1990-03-02,1990-03-03,0.046,
1990-03-09,1990-03-10,0.045,
1990-03-16,1990-03-17,0.051,
1990-03-23,1990-03-24,0.062,
1990-03-30,1990-03-31,0.077,
1990-04-06,1990-04-07,0.093,
1990-04-13,1990-04-14,0.106,
1990-04-20,1990-04-21,0.112,
1990-04-27,1990-04-28,0.109,
1990-05-04,1990-05-05,0.095,
1990-05-11,1990-05-12,0.069,
1990-05-18,1990-05-19,0.034,
1990-05-25,1990-05-26,-0.007,
1990-06-01,1990-06-02,-0.05,
1990-06-08,1990-06-09,-0.09,
1990-06-15,1990-06-16,-0.123,
1990-06-22,1990-06-23,-0.146,
1990-06-29,1990-06-30,-0.156,
1990-07-06,1990-07-07,-0.153,
1990-07-13,1990-07-14,-0.138,
1990-07-20,1990-07-21,-0.111,
1990-07-27,1990-07-28,-0.074,
1990-08-03,1990-08-04,-0.03,
1990-08-10,1990-08-11,0.02,
1990-08-17,1990-08-18,0.073,
1990-08-24,1990-08-25,0.128,
1990-08-31,1990-09-01,0.182,
1990-09-07,1990-09-08,0.236,
1990-09-14,1990-09-15,0.287,
1990-09-21,1990-09-22,0.334,
1990-09-28,1990-09-29,0.378,
1990-10-05,1990-10-06,0.411,
1990-10-12,1990-10-13,0.434,
1990-10-19,1990-10-20,0.448,
1990-10-26,1990-10-27,0.453,
1990-11-02,1990-11-03,0.454,
1990-11-09,1990-11-10,0.453,
1990-11-16,1990-11-17,0.453,
1990-11-23,1990-11-24,0.458,
1990-11-30,1990-12-01,0.468,
1990-12-07,1990-12-08,0.481,
1990-12-14,1990-12-15,0.496,
1990-12-21,1990-12-22,0.511,
1990-12-28,1990-12-29,0.518,
1991-01-04,1991-01-05,0.51,
1991-01-11,1991-01-12,0.489,
1991-01-18,1991-01-19,0.45,
1991-01-25,1991-01-26,0.391,
1991-02-01,1991-02-02,0.323,
1991-02-08,1991-02-09,0.248,
1991-02-15,1991-02-16,0.173,
1991-02-22,1991-02-23,0.102,51.66666666666667
1991-03-01,1991-03-02,0.037,24.59016393442623
1991-03-08,1991-03-09,-0.02,17.741935483870968
1991-03-15,1991-03-16,-0.07,14.285714285714285
1991-03-22,1991-03-23,-0.113,9.375
1991-03-29,1991-03-30,-0.149,4.615384615384616
1991-04-05,1991-04-06,-0.179,1.5151515151515151
1991-04-12,1991-04-13,-0.203,1.4925373134328357
1991-04-19,1991-04-20,-0.222,1.4705882352941175
1991-04-26,1991-04-27,-0.236,1.4492753623188406
1991-05-03,1991-05-04,-0.244,1.4285714285714286
1991-05-10,1991-05-11,-0.248,1.4084507042253522
1991-05-17,1991-05-18,-0.246,2.7777777777777777
1991-05-24,1991-05-25,-0.242,5.47945205479452
1991-05-31,1991-06-01,-0.237,6.756756756756757
1991-06-07,1991-06-08,-0.235,9.333333333333334
1991-06-14,1991-06-15,-0.239,6.578947368421052
1991-06-21,1991-06-22,-0.25,1.2987012987012987
1991-06-28,1991-06-29,-0.27,1.282051282051282
1991-07-05,1991-07-06,-0.299,1.2658227848101267
1991-07-12,1991-07-13,-0.335,1.25
1991-07-19,1991-07-20,-0.375,1.2345679012345678
1991-07-26,1991-07-27,-0.415,1.2195121951219512
1991-08-02,1991-08-03,-0.453,1.2048192771084338
1991-08-09,1991-08-10,-0.485,1.1904761904761905
1991-08-16,1991-08-17,-0.511,1.1764705882352942
1991-08-23,1991-08-24,-0.529,1.1627906976744187
1991-08-30,1991-08-31,-0.542,1.1494252873563218
1991-09-06,1991-09-07,-0.549,1.1363636363636365
1991-09-13,1991-09-14,-0.555,1.1235955056179776
1991-09-20,1991-09-21,-0.558,1.1111111111111112
1991-09-27,1991-09-28,-0.562,1.098901098901099
1991-10-04,1991-10-05,-0.565,1.0869565217391304
1991-10-11,1991-10-12,-0.569,1.0752688172043012
1991-10-18,1991-10-19,-0.575,1.0638297872340425
1991-10-25,1991-10-26,-0.582,1.0526315789473684
1991-11-01,1991-11-02,-0.591,1.0416666666666665
1991-11-08,1991-11-09,-0.6,1.0309278350515463
1991-11-15,1991-11-16,-0.61,1.0204081632653061
1991-11-22,1991-11-23,-0.62,1.0101010101010102
1991-11-29,1991-11-30,-0.63,1.0
1991-12-06,1991-12-07,-0.64,0.9900990099009901
1991-12-13,1991-12-14,-0.65,0.9803921568627451
1991-12-20,1991-12-21,-0.658,0.9708737864077669
1991-12-27,1991-12-28,-0.665,0.9615384615384616
1992-01-03,1992-01-04,-0.667,0.9523809523809524
1992-01-10,1992-01-11,-0.667,1.8867924528301887
1992-01-17,1992-01-18,-0.664,3.7383177570093453
1992-01-24,1992-01-25,-0.661,4.62962962962963
1992-01-31,1992-02-01,-0.658,6.422018348623854
1992-02-07,1992-02-08,-0.656,7.2727272727272725
1992-02-14,1992-02-15,-0.655,8.108108108108109
1992-02-21,1992-02-22,-0.655,8.928571428571429
1992-02-28,1992-02-29,-0.656,7.964601769911504
1992-03-06,1992-03-07,-0.659,5.263157894736842
1992-03-13,1992-03-14,-0.664,4.3478260869565215
1992-03-20,1992-03-21,-0.672,0.8620689655172413
1992-03-27,1992-03-28,-0.684,0.8547008547008548
1992-04-03,1992-04-04,-0.7,0.847457627118644
1992-04-10,1992-04-11,-0.719,0.8403361344537815
1992-04-17,1992-04-18,-0.74,0.8333333333333334
1992-04-24,1992-04-25,-0.762,0.8264462809917356
1992-05-01,1992-05-02,-0.784,0.819672131147541
1992-05-08,1992-05-09,-0.806,0.8130081300813009
1992-05-15,1992-05-16,-0.826,0.8064516129032258
1992-05-22,1992-05-23,-0.844,0.8
1992-05-29,1992-05-30,-0.86,0.7936507936507936
1992-06-05,1992-06-06,-0.875,0.7874015748031495
1992-06-12,1992-06-13,-0.889,0.78125
1992-06-19,1992-06-20,-0.903,0.7751937984496124
1992-06-26,1992-06-27,-0.915,0.7692307692307693
1992-07-03,1992-07-04,-0.926,0.7633587786259541
1992-07-10,1992-07-11,-0.933,0.7575757575757576
1992-07-17,1992-07-18,-0.938,0.7518796992481203
1992-07-24,1992-07-25,-0.94,0.7462686567164178
1992-07-31,1992-08-01,-0.938,2.2222222222222223
1992-08-07,1992-08-08,-0.933,3.6764705882352944
1992-08-14,1992-08-15,-0.925,5.109489051094891
1992-08-21,1992-08-22,-0.913,6.521739130434782
1992-08-28,1992-08-29,-0.898,7.913669064748201
1992-09-04,1992-09-05,-0.88,9.285714285714286
1992-09-11,1992-09-12,-0.858,11.347517730496454
1992-09-18,1992-09-19,-0.833,12.676056338028168
1992-09-25,1992-09-26,-0.804,14.685314685314685
1992-10-02,1992-10-03,-0.773,15.972222222222221
1992-10-09,1992-10-10,-0.742,17.24137931034483
1992-10-16,1992-10-17,-0.715,19.17808219178082
1992-10-23,1992-10-24,-0.694,20.408163265306122
1992-10-30,1992-10-31,-0.682,21.62162162162162
1992-11-06,1992-11-07,-0.681,22.14765100671141
1992-11-13,1992-11-14,-0.689,20.666666666666668
1992-11-20,1992-11-21,-0.707,19.205298013245034
1992-11-27,1992-11-28,-0.735,17.763157894736842
1992-12-04,1992-12-05,-0.77,15.686274509803921
1992-12-11,1992-12-12,-0.808,12.987012987012985
1992-12-18,1992-12-19,-0.846,10.967741935483872
1992-12-25,1992-12-26,-0.881,8.333333333333332
1993-01-01,1993-01-02,-0.91,6.369426751592357
1993-01-08,1993-01-09,-0.931,3.79746835443038
1993-01-15,1993-01-16,-0.946,0.628930817610063
1993-01-22,1993-01-23,-0.955,0.625
1993-01-29,1993-01-30,-0.959,0.6211180124223602
1993-02-05,1993-02-06,-0.959,1.2345679012345678
1993-02-12,1993-02-13,-0.959,1.8404907975460123
1993-02-19,1993-02-20,-0.957,2.4390243902439024
1993-02-26,1993-02-27,-0.958,2.4242424242424243
1993-03-05,1993-03-06,-0.96,0.6024096385542169
1993-03-12,1993-03-13,-0.964,0.5988023952095809
1993-03-19,1993-03-20,-0.969,0.5952380952380952
1993-03-26,1993-03-27,-0.976,0.591715976331361
1993-04-02,1993-04-03,-0.983,0.5882352941176471
1993-04-09,1993-04-10,-0.989,0.5847953216374269
1993-04-16,1993-04-17,-0.994,0.5813953488372093
1993-04-23,1993-04-24,-0.995,0.5780346820809248
1993-04-30,1993-05-01,-0.995,1.1494252873563218
1993-05-07,1993-05-08,-0.992,2.2857142857142856
1993-05-14,1993-05-15,-0.987,3.4090909090909087
1993-05-21,1993-05-22,-0.984,3.954802259887006
1993-05-28,1993-05-29,-0.982,5.056179775280898
1993-06-04,1993-06-05,-0.985,3.910614525139665
1993-06-11,1993-06-12,-0.992,2.7777777777777777
1993-06-18,1993-06-19,-1.004,0.5524861878453038
1993-06-25,1993-06-26,-1.02,0.5494505494505495
1993-07-02,1993-07-03,-1.038,0.546448087431694
1993-07-09,1993-07-10,-1.055,0.5434782608695652
1993-07-16,1993-07-17,-1.071,0.5405405405405406
1993-07-23,1993-07-24,-1.084,0.5376344086021506
1993-07-30,1993-07-31,-1.092,0.53475935828877
1993-08-06,1993-08-07,-1.097,0.5319148936170213
1993-08-13,1993-08-14,-1.098,0.5291005291005291
1993-08-20,1993-08-21,-1.096,1.5789473684210527
1993-08-27,1993-08-28,-1.091,2.6178010471204187
1993-09-03,1993-09-04,-1.084,3.6458333333333335
1993-09-10,1993-09-11,-1.075,4.145077720207254
1993-09-17,1993-09-18,-1.063,5.154639175257731
1993-09-24,1993-09-25,-1.05,6.153846153846154
1993-10-01,1993-10-02,-1.035,7.142857142857142
1993-10-08,1993-10-09,-1.019,8.121827411167512
1993-10-15,1993-10-16,-1.002,9.090909090909092
1993-10-22,1993-10-23,-0.984,14.07035175879397
1993-10-29,1993-10-30,-0.966,16.5
1993-11-05,1993-11-06,-0.951,20.8955223880597
1993-11-12,1993-11-13,-0.941,21.782178217821784
1993-11-19,1993-11-20,-0.936,23.645320197044335
1993-11-26,1993-11-27,-0.938,23.52941176470588
1993-12-03,1993-12-04,-0.947,20.975609756097562
1993-12-10,1993-12-11,-0.96,17.475728155339805
1993-12-17,1993-12-18,-0.975,15.458937198067632
1993-12-24,1993-12-25,-0.991,11.538461538461538
1993-12-31,1994-01-01,-1.005,8.133971291866029
1994-01-07,1994-01-08,-1.015,8.095238095238095
1994-01-14,1994-01-15,-1.021,7.109004739336493
1994-01-21,1994-01-22,-1.02,8.018867924528301
1994-01-28,1994-01-29,-1.013,9.389671361502346
1994-02-04,1994-02-05,-0.999,11.214953271028037
1994-02-11,1994-02-12,-0.978,17.674418604651162
1994-02-18,1994-02-19,-0.951,24.537037037037038
1994-02-25,1994-02-26,-0.92,30.87557603686636
1994-03-04,1994-03-05,-0.887,33.94495412844037
1994-03-11,1994-03-12,-0.853,36.5296803652968
1994-03-18,1994-03-19,-0.821,38.63636363636363
1994-03-25,1994-03-26,-0.791,40.27149321266968
1994-04-01,1994-04-02,-0.766,41.891891891891895
1994-04-08,1994-04-09,-0.747,42.600896860986545
1994-04-15,1994-04-16,-0.734,44.19642857142857
1994-04-22,1994-04-23,-0.725,44.44444444444444
1994-04-29,1994-04-30,-0.722,44.690265486725664
1994-05-06,1994-05-07,-0.72,44.93392070484582
1994-05-13,1994-05-14,-0.72,45.17543859649123
1994-05-20,1994-05-21,-0.722,44.54148471615721
1994-05-27,1994-05-28,-0.722,44.78260869565218
1994-06-03,1994-06-04,-0.721,45.02164502164502
1994-06-10,1994-06-11,-0.721,45.258620689655174
1994-06-17,1994-06-18,-0.719,46.78111587982833
1994-06-24,1994-06-25,-0.717,47.008547008547005
1994-07-01,1994-07-02,-0.719,46.808510638297875
1994-07-08,1994-07-09,-0.725,42.79661016949153
1994-07-15,1994-07-16,-0.737,41.35021097046413
1994-07-22,1994-07-23,-0.754,39.91596638655462
1994-07-29,1994-07-30,-0.771,38.49372384937239
1994-08-05,1994-08-06,-0.787,37.5
1994-08-12,1994-08-13,-0.801,36.92946058091287
1994-08-19,1994-08-20,-0.808,35.9504132231405
1994-08-26,1994-08-27,-0.807,36.21399176954733
1994-09-02,1994-09-03,-0.797,37.704918032786885
1994-09-09,1994-09-10,-0.779,39.183673469387756
1994-09-16,1994-09-17,-0.753,41.86991869918699
1994-09-23,1994-09-24,-0.724,45.34412955465587
1994-09-30,1994-10-01,-0.693,51.61290322580645
1994-10-07,1994-10-08,-0.665,55.020080321285135
1994-10-14,1994-10-15,-0.641,59.599999999999994
1994-10-21,1994-10-22,-0.62,60.95617529880478
1994-10-28,1994-10-29,-0.6,61.904761904761905
1994-11-04,1994-11-05,-0.58,63.095238095238095
1994-11-11,1994-11-12,-0.558,65.47619047619048
1994-11-18,1994-11-19,-0.532,67.06349206349206
1994-11-25,1994-11-26,-0.503,68.25396825396825
1994-12-02,1994-12-03,-0.473,69.04761904761905
1994-12-09,1994-12-10,-0.444,69.84126984126983
1994-12-16,1994-12-17,-0.421,70.23809523809523
1994-12-23,1994-12-24,-0.407,71.03174603174604
1994-12-30,1994-12-31,-0.405,71.42857142857143
1995-01-06,1995-01-07,-0.416,70.63492063492063
1995-01-13,1995-01-14,-0.439,70.23809523809523
1995-01-20,1995-01-21,-0.47,69.44444444444444
1995-01-27,1995-01-28,-0.505,68.25396825396825
1995-02-03,1995-02-04,-0.542,67.06349206349206
1995-02-10,1995-02-11,-0.575,63.888888888888886
1995-02-17,1995-02-18,-0.602,61.50793650793651
1995-02-24,1995-02-25,-0.622,60.317460317460316
1995-03-03,1995-03-04,-0.634,59.92063492063492
1995-03-10,1995-03-11,-0.639,59.92063492063492
1995-03-17,1995-03-18,-0.64,59.92063492063492
1995-03-24,1995-03-25,-0.639,60.71428571428571
1995-03-31,1995-04-01,-0.639,61.111111111111114
1995-04-07,1995-04-08,-0.642,59.12698412698413
1995-04-14,1995-04-15,-0.649,59.12698412698413
1995-04-21,1995-04-22,-0.659,56.34920634920635
1995-04-28,1995-04-29,-0.673,52.77777777777778
1995-05-05,1995-05-06,-0.687,51.587301587301596
1995-05-12,1995-05-13,-0.7,50.39682539682539
1995-05-19,1995-05-20,-0.709,49.60317460317461
1995-05-26,1995-05-27,-0.712,49.60317460317461
1995-06-02,1995-06-03,-0.709,50.39682539682539
1995-06-09,1995-06-10,-0.702,51.19047619047619
1995-06-16,1995-06-17,-0.692,53.17460317460318
1995-06-23,1995-06-24,-0.681,55.55555555555556
1995-06-30,1995-07-01,-0.673,56.34920634920635
1995-07-07,1995-07-08,-0.669,57.14285714285714
1995-07-14,1995-07-15,-0.67,57.14285714285714
1995-07-21,1995-07-22,-0.674,55.952380952380956
1995-07-28,1995-07-29,-0.682,55.158730158730165
1995-08-04,1995-08-05,-0.691,53.57142857142857
1995-08-11,1995-08-12,-0.701,51.587301587301596
1995-08-18,1995-08-19,-0.708,50.79365079365079
1995-08-25,1995-08-26,-0.713,49.60317460317461
1995-09-01,1995-09-02,-0.714,49.60317460317461
1995-09-08,1995-09-09,-0.712,50.79365079365079
1995-09-15,1995-09-16,-0.708,52.38095238095239
1995-09-22,1995-09-23,-0.703,53.17460317460318
1995-09-29,1995-09-30,-0.698,55.158730158730165
1995-10-06,1995-10-07,-0.697,55.55555555555556
1995-10-13,1995-10-14,-0.699,55.158730158730165
1995-10-20,1995-10-21,-0.705,53.17460317460318
1995-10-27,1995-10-28,-0.714,50.0
1995-11-03,1995-11-04,-0.726,43.65079365079365
1995-11-10,1995-11-11,-0.738,42.46031746031746
1995-11-17,1995-11-18,-0.748,41.269841269841265
1995-11-24,1995-11-25,-0.753,41.269841269841265
1995-12-01,1995-12-02,-0.755,40.476190476190474
1995-12-08,1995-12-09,-0.753,42.06349206349206
1995-12-15,1995-12-16,-0.749,42.46031746031746
1995-12-22,1995-12-23,-0.745,43.65079365079365
1995-12-29,1995-12-30,-0.745,44.047619047619044
1996-01-05,1996-01-06,-0.751,42.46031746031746
1996-01-12,1996-01-13,-0.761,40.476190476190474
1996-01-19,1996-01-20,-0.776,38.492063492063494
1996-01-26,1996-01-27,-0.794,36.904761904761905
1996-02-02,1996-02-03,-0.81,34.12698412698413
1996-02-09,1996-02-10,-0.821,34.12698412698413
1996-02-16,1996-02-17,-0.826,33.730158730158735
1996-02-23,1996-02-24,-0.821,34.92063492063492
1996-03-01,1996-03-02,-0.808,36.507936507936506
1996-03-08,1996-03-09,-0.789,39.682539682539684
1996-03-15,1996-03-16,-0.765,43.25396825396825
1996-03-22,1996-03-23,-0.742,49.2063492063492
1996-03-29,1996-03-30,-0.72,55.952380952380956
1996-04-05,1996-04-06,-0.703,63.095238095238095
1996-04-12,1996-04-13,-0.691,67.85714285714286
1996-04-19,1996-04-20,-0.685,69.04761904761905
1996-04-26,1996-04-27,-0.686,69.04761904761905
1996-05-03,1996-05-04,-0.692,67.46031746031747
1996-05-10,1996-05-11,-0.7,65.07936507936508
1996-05-17,1996-05-18,-0.709,61.111111111111114
1996-05-24,1996-05-25,-0.715,58.333333333333336
1996-05-31,1996-06-01,-0.718,57.53968253968254
1996-06-07,1996-06-08,-0.716,58.333333333333336
1996-06-14,1996-06-15,-0.711,61.50793650793651
1996-06-21,1996-06-22,-0.706,64.28571428571429
1996-06-28,1996-06-29,-0.702,66.26984126984127
1996-07-05,1996-07-06,-0.699,68.65079365079364
1996-07-12,1996-07-13,-0.7,68.25396825396825
1996-07-19,1996-07-20,-0.704,65.07936507936508
1996-07-26,1996-07-27,-0.713,60.71428571428571
1996-08-02,1996-08-03,-0.722,54.36507936507936
1996-08-09,1996-08-10,-0.733,51.587301587301596
1996-08-16,1996-08-17,-0.741,49.60317460317461
1996-08-23,1996-08-24,-0.746,48.01587301587302
1996-08-30,1996-08-31,-0.746,48.41269841269841
1996-09-06,1996-09-07,-0.742,50.39682539682539
1996-09-13,1996-09-14,-0.737,52.38095238095239
1996-09-20,1996-09-21,-0.734,53.57142857142857
1996-09-27,1996-09-28,-0.732,54.36507936507936
1996-10-04,1996-10-05,-0.736,52.77777777777778
1996-10-11,1996-10-12,-0.743,49.60317460317461
1996-10-18,1996-10-19,-0.754,45.23809523809524
1996-10-25,1996-10-26,-0.766,43.25396825396825
1996-11-01,1996-11-02,-0.777,41.269841269841265
1996-11-08,1996-11-09,-0.784,40.87301587301587
1996-11-15,1996-11-16,-0.787,40.476190476190474
1996-11-22,1996-11-23,-0.783,41.66666666666667
1996-11-29,1996-11-30,-0.772,43.65079365079365
1996-12-06,1996-12-07,-0.757,46.82539682539682
1996-12-13,1996-12-14,-0.739,55.158730158730165
1996-12-20,1996-12-21,-0.722,62.301587301587304
1996-12-27,1996-12-28,-0.708,72.61904761904762
1997-01-03,1997-01-04,-0.698,79.36507936507937
1997-01-10,1997-01-11,-0.693,80.95238095238095
1997-01-17,1997-01-18,-0.694,80.55555555555556
1997-01-24,1997-01-25,-0.701,76.5873015873016
1997-01-31,1997-02-01,-0.71,70.63492063492063
1997-02-07,1997-02-08,-0.72,64.68253968253968
1997-02-14,1997-02-15,-0.73,58.730158730158735
1997-02-21,1997-02-22,-0.736,56.34920634920635
1997-02-28,1997-03-01,-0.736,56.34920634920635
1997-03-07,1997-03-08,-0.731,58.333333333333336
1997-03-14,1997-03-15,-0.72,64.68253968253968
1997-03-21,1997-03-22,-0.707,73.4126984126984
1997-03-28,1997-03-29,-0.691,83.33333333333334
1997-04-04,1997-04-05,-0.675,86.5079365079365
1997-04-11,1997-04-12,-0.661,88.88888888888889
1997-04-18,1997-04-19,-0.649,89.68253968253968
1997-04-25,1997-04-26,-0.639,92.06349206349206
1997-05-02,1997-05-03,-0.633,92.46031746031747
1997-05-09,1997-05-10,-0.63,92.46031746031747
1997-05-16,1997-05-17,-0.628,92.46031746031747
1997-05-23,1997-05-24,-0.628,92.46031746031747
1997-05-30,1997-05-31,-0.629,91.66666666666666
1997-06-06,1997-06-07,-0.63,91.26984126984127
1997-06-13,1997-06-14,-0.633,90.47619047619048
1997-06-20,1997-06-21,-0.637,89.28571428571429
1997-06-27,1997-06-28,-0.641,86.90476190476191
1997-07-04,1997-07-05,-0.647,85.71428571428571
1997-07-11,1997-07-12,-0.651,84.52380952380952
1997-07-18,1997-07-19,-0.655,84.12698412698413
1997-07-25,1997-07-26,-0.658,83.73015873015873
1997-08-01,1997-08-02,-0.659,83.33333333333334
1997-08-08,1997-08-09,-0.659,83.33333333333334
1997-08-15,1997-08-16,-0.657,83.73015873015873
1997-08-22,1997-08-23,-0.653,84.12698412698413
1997-08-29,1997-08-30,-0.649,85.31746031746032
1997-09-05,1997-09-06,-0.643,85.71428571428571
1997-09-12,1997-09-13,-0.635,89.28571428571429
1997-09-19,1997-09-20,-0.626,92.46031746031747
1997-09-26,1997-09-27,-0.614,93.25396825396825
1997-10-03,1997-10-04,-0.599,94.04761904761905
1997-10-10,1997-10-11,-0.58,94.44444444444444
1997-10-17,1997-10-18,-0.558,95.23809523809523
1997-10-24,1997-10-25,-0.534,95.63492063492063
1997-10-31,1997-11-01,-0.512,96.03174603174604
1997-11-07,1997-11-08,-0.494,96.82539682539682
1997-11-14,1997-11-15,-0.48,96.82539682539682
1997-11-21,1997-11-22,-0.474,96.82539682539682
1997-11-28,1997-11-29,-0.474,96.82539682539682
1997-12-05,1997-12-06,-0.478,96.03174603174604
1997-12-12,1997-12-13,-0.486,95.23809523809523
1997-12-19,1997-12-20,-0.498,94.44444444444444
1997-12-26,1997-12-27,-0.514,92.85714285714286
1998-01-02,1998-01-03,-0.53,92.46031746031747
1998-01-09,1998-01-10,-0.547,90.87301587301587
1998-01-16,1998-01-17,-0.565,89.68253968253968
1998-01-23,1998-01-24,-0.582,88.09523809523809
1998-01-30,1998-01-31,-0.599,87.6984126984127
1998-02-06,1998-02-07,-0.614,86.11111111111111
1998-02-13,1998-02-14,-0.626,84.52380952380952
1998-02-20,1998-02-21,-0.634,80.95238095238095
1998-02-27,1998-02-28,-0.639,79.36507936507937
1998-03-06,1998-03-07,-0.638,79.36507936507937
1998-03-13,1998-03-14,-0.636,79.76190476190477
1998-03-20,1998-03-21,-0.632,81.74603174603175
1998-03-27,1998-03-28,-0.626,84.52380952380952
1998-04-03,1998-04-04,-0.621,84.92063492063492
1998-04-10,1998-04-11,-0.616,85.31746031746032
1998-04-17,1998-04-18,-0.611,86.11111111111111
1998-04-24,1998-04-25,-0.605,86.11111111111111
1998-05-01,1998-05-02,-0.598,87.6984126984127
1998-05-08,1998-05-09,-0.592,87.6984126984127
1998-05-15,1998-05-16,-0.585,87.6984126984127
1998-05-22,1998-05-23,-0.579,88.88888888888889
1998-05-29,1998-05-30,-0.571,89.28571428571429
1998-06-05,1998-06-06,-0.565,89.68253968253968
1998-06-12,1998-06-13,-0.56,89.68253968253968
1998-06-19,1998-06-20,-0.558,90.47619047619048
1998-06-26,1998-06-27,-0.556,90.47619047619048
1998-07-03,1998-07-04,-0.556,90.47619047619048
1998-07-10,1998-07-11,-0.553,90.47619047619048
1998-07-17,1998-07-18,-0.547,90.87301587301587
1998-07-24,1998-07-25,-0.534,91.66666666666666
1998-07-31,1998-08-01,-0.511,93.25396825396825
1998-08-07,1998-08-08,-0.477,96.03174603174604
1998-08-14,1998-08-15,-0.432,98.4126984126984
1998-08-21,1998-08-22,-0.377,100.0
1998-08-28,1998-08-29,-0.315,100.0
1998-09-04,1998-09-05,-0.249,100.0
1998-09-11,1998-09-12,-0.185,100.0
1998-09-18,1998-09-19,-0.124,100.0
1998-09-25,1998-09-26,-0.07,100.0
1998-10-02,1998-10-03,-0.027,100.0
1998-10-09,1998-10-10,0.003,100.0
1998-10-16,1998-10-17,0.016,100.0
1998-10-23,1998-10-24,0.011,99.60317460317461
1998-10-30,1998-10-31,-0.007,98.80952380952381
1998-11-06,1998-11-07,-0.033,98.01587301587301
1998-11-13,1998-11-14,-0.061,97.61904761904762
1998-11-20,1998-11-21,-0.09,96.82539682539682
1998-11-27,1998-11-28,-0.115,96.42857142857143
1998-12-04,1998-12-05,-0.136,95.63492063492063
1998-12-11,1998-12-12,-0.155,95.23809523809523
1998-12-18,1998-12-19,-0.173,94.84126984126983
1998-12-25,1998-12-26,-0.191,94.04761904761905
1999-01-01,1999-01-02,-0.208,93.65079365079364
1999-01-08,1999-01-09,-0.223,93.25396825396825
1999-01-15,1999-01-16,-0.238,92.85714285714286
1999-01-22,1999-01-23,-0.255,92.06349206349206
1999-01-29,1999-01-30,-0.273,91.66666666666666
1999-02-05,1999-02-06,-0.293,91.26984126984127
1999-02-12,1999-02-13,-0.314,90.87301587301587
1999-02-19,1999-02-20,-0.335,90.07936507936508
1999-02-26,1999-02-27,-0.354,89.68253968253968
1999-03-05,1999-03-06,-0.37,89.28571428571429
1999-03-12,1999-03-13,-0.385,88.4920634920635
1999-03-19,1999-03-20,-0.396,88.09523809523809
1999-03-26,1999-03-27,-0.404,87.6984126984127
1999-04-02,1999-04-03,-0.411,86.5079365079365
1999-04-09,1999-04-10,-0.416,86.11111111111111
1999-04-16,1999-04-17,-0.42,85.31746031746032
1999-04-23,1999-04-24,-0.424,84.52380952380952
1999-04-30,1999-05-01,-0.426,84.12698412698413
1999-05-07,1999-05-08,-0.426,84.12698412698413
1999-05-14,1999-05-15,-0.422,84.52380952380952
1999-05-21,1999-05-22,-0.414,86.11111111111111
1999-05-28,1999-05-29,-0.401,87.6984126984127
1999-06-04,1999-06-05,-0.386,88.09523809523809
1999-06-11,1999-06-12,-0.369,89.28571428571429
1999-06-18,1999-06-19,-0.351,89.68253968253968
1999-06-25,1999-06-26,-0.331,90.07936507936508
1999-07-02,1999-07-03,-0.31,90.87301587301587
1999-07-09,1999-07-10,-0.287,91.26984126984127
1999-07-16,1999-07-17,-0.261,91.66666666666666
1999-07-23,1999-07-24,-0.235,92.85714285714286
1999-07-30,1999-07-31,-0.212,93.25396825396825
1999-08-06,1999-08-07,-0.19,94.04761904761905
1999-08-13,1999-08-14,-0.173,94.84126984126983
1999-08-20,1999-08-21,-0.161,94.84126984126983
1999-08-27,1999-08-28,-0.15,95.23809523809523
1999-09-03,1999-09-04,-0.138,95.23809523809523
1999-09-10,1999-09-11,-0.126,95.63492063492063
1999-09-17,1999-09-18,-0.113,96.42857142857143
1999-09-24,1999-09-25,-0.101,96.42857142857143
1999-10-01,1999-10-02,-0.09,96.82539682539682
1999-10-08,1999-10-09,-0.084,96.82539682539682
1999-10-15,1999-10-16,-0.086,96.42857142857143
1999-10-22,1999-10-23,-0.096,95.23809523809523
1999-10-29,1999-10-30,-0.111,94.44444444444444
1999-11-05,1999-11-06,-0.129,92.46031746031747
1999-11-12,1999-11-13,-0.146,91.26984126984127
1999-11-19,1999-11-20,-0.161,90.07936507936508
1999-11-26,1999-11-27,-0.168,89.28571428571429
1999-12-03,1999-12-04,-0.17,88.88888888888889
1999-12-10,1999-12-11,-0.169,88.88888888888889
1999-12-17,1999-12-18,-0.168,89.28571428571429
1999-12-24,1999-12-25,-0.169,88.4920634920635
1999-12-31,2000-01-01,-0.172,87.3015873015873
2000-01-07,2000-01-08,-0.182,86.11111111111111
2000-01-14,2000-01-15,-0.193,84.52380952380952
2000-01-21,2000-01-22,-0.204,84.12698412698413
2000-01-28,2000-01-29,-0.211,83.33333333333334
2000-02-04,2000-02-05,-0.213,82.53968253968253
2000-02-11,2000-02-12,-0.211,83.33333333333334
2000-02-18,2000-02-19,-0.203,84.12698412698413
2000-02-25,2000-02-26,-0.19,85.31746031746032
2000-03-03,2000-03-04,-0.174,86.11111111111111
2000-03-10,2000-03-11,-0.154,90.47619047619048
2000-03-17,2000-03-18,-0.132,92.06349206349206
2000-03-24,2000-03-25,-0.11,94.44444444444444
2000-03-31,2000-04-01,-0.089,96.03174603174604
2000-04-07,2000-04-08,-0.073,96.82539682539682
2000-04-14,2000-04-15,-0.059,97.61904761904762
2000-04-21,2000-04-22,-0.046,97.61904761904762
2000-04-28,2000-04-29,-0.032,98.01587301587301
2000-05-05,2000-05-06,-0.017,98.4126984126984
2000-05-12,2000-05-13,-0.002,98.80952380952381
2000-05-19,2000-05-20,0.013,99.60317460317461
2000-05-26,2000-05-27,0.024,100.0
2000-06-02,2000-06-03,0.032,100.0
2000-06-09,2000-06-10,0.033,100.0
2000-06-16,2000-06-17,0.028,99.20634920634922
2000-06-23,2000-06-24,0.017,98.4126984126984
2000-06-30,2000-07-01,-0.001,96.42857142857143
2000-07-07,2000-07-08,-0.026,94.84126984126983
2000-07-14,2000-07-15,-0.055,92.85714285714286
2000-07-21,2000-07-22,-0.085,90.47619047619048
2000-07-28,2000-07-29,-0.116,86.11111111111111
2000-08-04,2000-08-05,-0.144,83.33333333333334
2000-08-11,2000-08-12,-0.168,80.55555555555556
2000-08-18,2000-08-19,-0.186,75.79365079365078
2000-08-25,2000-08-26,-0.198,73.80952380952381
2000-09-01,2000-09-02,-0.206,72.61904761904762
2000-09-08,2000-09-09,-0.208,72.22222222222221
2000-09-15,2000-09-16,-0.207,72.22222222222221
2000-09-22,2000-09-23,-0.202,73.4126984126984
2000-09-29,2000-09-30,-0.197,73.80952380952381
2000-10-06,2000-10-07,-0.19,75.39682539682539
2000-10-13,2000-10-14,-0.182,76.5873015873016
2000-10-20,2000-10-21,-0.175,76.5873015873016
2000-10-27,2000-10-28,-0.168,80.55555555555556
2000-11-03,2000-11-04,-0.158,81.34920634920636
2000-11-10,2000-11-11,-0.145,82.93650793650794
2000-11-17,2000-11-18,-0.127,84.92063492063492
2000-11-24,2000-11-25,-0.106,87.6984126984127
2000-12-01,2000-12-02,-0.086,90.07936507936508
2000-12-08,2000-12-09,-0.071,91.26984126984127
2000-12-15,2000-12-16,-0.065,91.66666666666666
2000-12-22,2000-12-23,-0.071,90.87301587301587
2000-12-29,2000-12-30,-0.091,86.90476190476191
2001-01-05,2001-01-06,-0.12,83.33333333333334
2001-01-12,2001-01-13,-0.155,78.17460317460318
2001-01-19,2001-01-20,-0.192,68.25396825396825
2001-01-26,2001-01-27,-0.225,61.904761904761905
2001-02-02,2001-02-03,-0.251,60.317460317460316
2001-02-09,2001-02-10,-0.27,59.12698412698413
2001-02-16,2001-02-17,-0.279,58.333333333333336
2001-02-23,2001-02-24,-0.278,58.333333333333336
2001-03-02,2001-03-03,-0.272,58.730158730158735
2001-03-09,2001-03-10,-0.263,59.12698412698413
2001-03-16,2001-03-17,-0.254,59.92063492063492
2001-03-23,2001-03-24,-0.25,60.317460317460316
2001-03-30,2001-03-31,-0.254,59.523809523809526
2001-04-06,2001-04-07,-0.264,57.53968253968254
2001-04-13,2001-04-14,-0.283,55.158730158730165
2001-04-20,2001-04-21,-0.307,53.96825396825397
2001-04-27,2001-04-28,-0.334,51.98412698412699
2001-05-04,2001-05-05,-0.362,50.39682539682539
2001-05-11,2001-05-12,-0.387,48.01587301587302
2001-05-18,2001-05-19,-0.407,46.42857142857143
2001-05-25,2001-05-26,-0.423,44.047619047619044
2001-06-01,2001-06-02,-0.434,42.06349206349206
2001-06-08,2001-06-09,-0.442,41.66666666666667
2001-06-15,2001-06-16,-0.447,41.269841269841265
2001-06-22,2001-06-23,-0.453,40.87301587301587
2001-06-29,2001-06-30,-0.46,40.476190476190474
2001-07-06,2001-07-07,-0.469,40.07936507936508
2001-07-13,2001-07-14,-0.479,38.095238095238095
2001-07-20,2001-07-21,-0.49,36.904761904761905
2001-07-27,2001-07-28,-0.499,35.714285714285715
2001-08-03,2001-08-04,-0.504,35.317460317460316
2001-08-10,2001-08-11,-0.499,35.714285714285715
2001-08-17,2001-08-18,-0.486,37.301587301587304
2001-08-24,2001-08-25,-0.462,40.07936507936508
2001-08-31,2001-09-01,-0.431,42.46031746031746
2001-09-07,2001-09-08,-0.398,47.22222222222222
2001-09-14,2001-09-15,-0.366,50.0
2001-09-21,2001-09-22,-0.344,51.19047619047619
2001-09-28,2001-09-29,-0.337,51.19047619047619
2001-10-05,2001-10-06,-0.339,50.79365079365079
2001-10-12,2001-10-13,-0.35,50.0
2001-10-19,2001-10-20,-0.366,48.41269841269841
2001-10-26,2001-10-27,-0.382,46.42857142857143
2001-11-02,2001-11-03,-0.393,44.84126984126984
2001-11-09,2001-11-10,-0.398,44.047619047619044
2001-11-16,2001-11-17,-0.397,44.047619047619044
2001-11-23,2001-11-24,-0.387,45.23809523809524
2001-11-30,2001-12-01,-0.373,46.82539682539682
2001-12-07,2001-12-08,-0.361,48.80952380952381
2001-12-14,2001-12-15,-0.355,48.80952380952381
2001-12-21,2001-12-22,-0.357,48.41269841269841
2001-12-28,2001-12-29,-0.37,46.03174603174603
2002-01-04,2002-01-05,-0.39,42.46031746031746
2002-01-11,2002-01-12,-0.416,38.095238095238095
2002-01-18,2002-01-19,-0.441,33.730158730158735
2002-01-25,2002-01-26,-0.462,31.746031746031743
2002-02-01,2002-02-02,-0.477,29.761904761904763
2002-02-08,2002-02-09,-0.486,27.77777777777778
2002-02-15,2002-02-16,-0.491,26.190476190476193
2002-02-22,2002-02-23,-0.491,26.190476190476193
2002-03-01,2002-03-02,-0.491,26.190476190476193
2002-03-08,2002-03-09,-0.489,26.58730158730159
2002-03-15,2002-03-16,-0.49,26.190476190476193
2002-03-22,2002-03-23,-0.494,24.206349206349206
2002-03-29,2002-03-30,-0.502,22.22222222222222
2002-04-05,2002-04-06,-0.516,20.238095238095237
2002-04-12,2002-04-13,-0.534,19.444444444444446
2002-04-19,2002-04-20,-0.556,17.063492063492063
2002-04-26,2002-04-27,-0.579,13.492063492063492
2002-05-03,2002-05-04,-0.601,9.920634920634921
2002-05-10,2002-05-11,-0.618,7.5396825396825395
2002-05-17,2002-05-18,-0.628,5.555555555555555
2002-05-24,2002-05-25,-0.63,5.158730158730158
2002-05-31,2002-06-01,-0.624,6.746031746031746
2002-06-07,2002-06-08,-0.61,9.126984126984127
2002-06-14,2002-06-15,-0.59,11.507936507936508
2002-06-21,2002-06-22,-0.565,14.682539682539684
2002-06-28,2002-06-29,-0.538,18.253968253968253
2002-07-05,2002-07-06,-0.51,21.428571428571427
2002-07-12,2002-07-13,-0.483,27.77777777777778
2002-07-19,2002-07-20,-0.459,32.142857142857146
2002-07-26,2002-07-27,-0.439,33.730158730158735
2002-08-02,2002-08-03,-0.425,35.714285714285715
2002-08-09,2002-08-10,-0.414,38.492063492063494
2002-08-16,2002-08-17,-0.406,39.285714285714285
2002-08-23,2002-08-24,-0.398,40.87301587301587
2002-08-30,2002-08-31,-0.39,42.46031746031746
2002-09-06,2002-09-07,-0.379,44.44444444444444
2002-09-13,2002-09-14,-0.369,46.42857142857143
2002-09-20,2002-09-21,-0.359,48.01587301587302
2002-09-27,2002-09-28,-0.354,49.2063492063492
2002-10-04,2002-10-05,-0.353,49.2063492063492
2002-10-11,2002-10-12,-0.359,47.22222222222222
2002-10-18,2002-10-19,-0.371,43.25396825396825
2002-10-25,2002-10-26,-0.386,40.87301587301587
2002-11-01,2002-11-02,-0.404,35.714285714285715
2002-11-08,2002-11-09,-0.422,31.746031746031743
2002-11-15,2002-11-16,-0.437,27.77777777777778
2002-11-22,2002-11-23,-0.448,25.793650793650798
2002-11-29,2002-11-30,-0.454,25.0
2002-12-06,2002-12-07,-0.457,24.6031746031746
2002-12-13,2002-12-14,-0.46,23.809523809523807
2002-12-20,2002-12-21,-0.464,22.22222222222222
2002-12-27,2002-12-28,-0.471,21.428571428571427
2003-01-03,2003-01-04,-0.482,19.841269841269842
2003-01-10,2003-01-11,-0.495,15.476190476190476
2003-01-17,2003-01-18,-0.507,13.492063492063492
2003-01-24,2003-01-25,-0.517,11.904761904761903
2003-01-31,2003-02-01,-0.524,11.507936507936508
2003-02-07,2003-02-08,-0.528,11.11111111111111
2003-02-14,2003-02-15,-0.53,10.714285714285714
2003-02-21,2003-02-22,-0.533,10.317460317460316
2003-02-28,2003-03-01,-0.537,9.126984126984127
2003-03-07,2003-03-08,-0.544,8.333333333333332
2003-03-14,2003-03-15,-0.554,7.142857142857142
2003-03-21,2003-03-22,-0.568,3.968253968253968
2003-03-28,2003-03-29,-0.588,3.1746031746031744
2003-04-04,2003-04-05,-0.611,1.984126984126984
2003-04-11,2003-04-12,-0.637,0.3968253968253968
2003-04-18,2003-04-19,-0.661,0.3968253968253968
2003-04-25,2003-04-26,-0.682,0.3968253968253968
2003-05-02,2003-05-03,-0.699,0.3968253968253968
2003-05-09,2003-05-10,-0.708,0.3968253968253968
2003-05-16,2003-05-17,-0.713,0.3968253968253968
2003-05-23,2003-05-24,-0.713,0.7936507936507936
2003-05-30,2003-05-31,-0.712,1.1904761904761905
2003-06-06,2003-06-07,-0.71,1.5873015873015872
2003-06-13,2003-06-14,-0.709,1.984126984126984
2003-06-20,2003-06-21,-0.71,1.984126984126984
2003-06-27,2003-06-28,-0.713,1.1904761904761905
2003-07-04,2003-07-05,-0.716,0.3968253968253968
2003-07-11,2003-07-12,-0.717,0.3968253968253968
2003-07-18,2003-07-19,-0.716,1.1904761904761905
2003-07-25,2003-07-26,-0.711,3.1746031746031744
2003-08-01,2003-08-02,-0.701,5.158730158730158
2003-08-08,2003-08-09,-0.691,5.952380952380952
2003-08-15,2003-08-16,-0.681,6.746031746031746
2003-08-22,2003-08-23,-0.674,7.142857142857142
2003-08-29,2003-08-30,-0.668,7.5396825396825395
2003-09-05,2003-09-06,-0.667,7.936507936507936
2003-09-12,2003-09-13,-0.669,7.5396825396825395
2003-09-19,2003-09-20,-0.674,7.5396825396825395
2003-09-26,2003-09-27,-0.681,7.142857142857142
2003-10-03,2003-10-04,-0.688,6.349206349206349
2003-10-10,2003-10-11,-0.697,5.952380952380952
2003-10-17,2003-10-18,-0.705,5.158730158730158
2003-10-24,2003-10-25,-0.71,4.365079365079365
2003-10-31,2003-11-01,-0.715,1.5873015873015872
2003-11-07,2003-11-08,-0.717,0.7936507936507936
2003-11-14,2003-11-15,-0.717,1.1904761904761905
2003-11-21,2003-11-22,-0.716,2.380952380952381
2003-11-28,2003-11-29,-0.715,3.1746031746031744
2003-12-05,2003-12-06,-0.713,4.761904761904762
2003-12-12,2003-12-13,-0.713,5.158730158730158
2003-12-19,2003-12-20,-0.717,1.5873015873015872
2003-12-26,2003-12-27,-0.723,0.3968253968253968
2004-01-02,2004-01-03,-0.733,0.3968253968253968
2004-01-09,2004-01-10,-0.746,0.3968253968253968
2004-01-16,2004-01-17,-0.76,0.3968253968253968
2004-01-23,2004-01-24,-0.774,0.3968253968253968
2004-01-30,2004-01-31,-0.786,0.3968253968253968
2004-02-06,2004-02-07,-0.796,0.3968253968253968
2004-02-13,2004-02-14,-0.805,0.3968253968253968
2004-02-20,2004-02-21,-0.811,0.3968253968253968
2004-02-27,2004-02-28,-0.814,0.3968253968253968
2004-03-05,2004-03-06,-0.814,0.7936507936507936
2004-03-12,2004-03-13,-0.813,1.1904761904761905
2004-03-19,2004-03-20,-0.809,1.984126984126984
2004-03-26,2004-03-27,-0.802,2.7777777777777777
2004-04-02,2004-04-03,-0.794,3.571428571428571
2004-04-09,2004-04-10,-0.783,4.365079365079365
2004-04-16,2004-04-17,-0.77,5.158730158730158
2004-04-23,2004-04-24,-0.755,5.952380952380952
2004-04-30,2004-05-01,-0.74,6.746031746031746
2004-05-07,2004-05-08,-0.725,7.5396825396825395
2004-05-14,2004-05-15,-0.713,13.88888888888889
2004-05-21,2004-05-22,-0.703,17.46031746031746
2004-05-28,2004-05-29,-0.695,19.047619047619047
2004-06-04,2004-06-05,-0.69,19.841269841269842
2004-06-11,2004-06-12,-0.687,20.634920634920633
2004-06-18,2004-06-19,-0.685,21.03174603174603
2004-06-25,2004-06-26,-0.686,21.03174603174603
2004-07-02,2004-07-03,-0.687,21.03174603174603
2004-07-09,2004-07-10,-0.689,20.238095238095237
2004-07-16,2004-07-17,-0.691,19.841269841269842
2004-07-23,2004-07-24,-0.693,19.444444444444446
2004-07-30,2004-07-31,-0.696,19.047619047619047
2004-08-06,2004-08-07,-0.697,19.047619047619047
2004-08-13,2004-08-14,-0.699,18.650793650793652
2004-08-20,2004-08-21,-0.7,18.253968253968253
2004-08-27,2004-08-28,-0.701,18.253968253968253
2004-09-03,2004-09-04,-0.701,18.650793650793652
2004-09-10,2004-09-11,-0.701,19.047619047619047
2004-09-17,2004-09-18,-0.7,19.841269841269842
2004-09-24,2004-09-25,-0.7,20.238095238095237
2004-10-01,2004-10-02,-0.699,21.428571428571427
2004-10-08,2004-10-09,-0.699,21.825396825396826
2004-10-15,2004-10-16,-0.7,20.634920634920633
2004-10-22,2004-10-23,-0.702,17.857142857142858
2004-10-29,2004-10-30,-0.706,17.063492063492063
2004-11-05,2004-11-06,-0.709,16.666666666666664
2004-11-12,2004-11-13,-0.713,14.285714285714285
2004-11-19,2004-11-20,-0.715,11.904761904761903
2004-11-26,2004-11-27,-0.715,12.3015873015873
2004-12-03,2004-12-04,-0.713,15.476190476190476
2004-12-10,2004-12-11,-0.71,17.857142857142858
2004-12-17,2004-12-18,-0.706,19.841269841269842
2004-12-24,2004-12-25,-0.701,23.015873015873016
2004-12-31,2005-01-01,-0.697,27.380952380952383
2005-01-07,2005-01-08,-0.695,28.57142857142857
2005-01-14,2005-01-15,-0.696,28.174603174603174
2005-01-21,2005-01-22,-0.698,26.58730158730159
2005-01-28,2005-01-29,-0.703,21.03174603174603
2005-02-04,2005-02-05,-0.708,19.444444444444446
2005-02-11,2005-02-12,-0.712,16.26984126984127
2005-02-18,2005-02-19,-0.713,15.873015873015872
2005-02-25,2005-02-26,-0.71,19.047619047619047
2005-03-04,2005-03-05,-0.703,23.015873015873016
2005-03-11,2005-03-12,-0.692,32.53968253968254
2005-03-18,2005-03-19,-0.679,37.698412698412696
2005-03-25,2005-03-26,-0.665,40.07936507936508
2005-04-01,2005-04-02,-0.651,40.87301587301587
2005-04-08,2005-04-09,-0.638,41.269841269841265
2005-04-15,2005-04-16,-0.626,42.857142857142854
2005-04-22,2005-04-23,-0.617,44.047619047619044
2005-04-29,2005-04-30,-0.61,45.23809523809524
2005-05-06,2005-05-07,-0.605,45.63492063492063
2005-05-13,2005-05-14,-0.601,46.42857142857143
2005-05-20,2005-05-21,-0.599,46.82539682539682
2005-05-27,2005-05-28,-0.599,47.22222222222222
2005-06-03,2005-06-04,-0.6,46.82539682539682
2005-06-10,2005-06-11,-0.601,46.82539682539682
2005-06-17,2005-06-18,-0.602,46.03174603174603
2005-06-24,2005-06-25,-0.603,46.03174603174603
2005-07-01,2005-07-02,-0.606,45.63492063492063
2005-07-08,2005-07-09,-0.607,45.63492063492063
2005-07-15,2005-07-16,-0.61,45.63492063492063
2005-07-22,2005-07-23,-0.612,44.44444444444444
2005-07-29,2005-07-30,-0.614,44.44444444444444
2005-08-05,2005-08-06,-0.613,44.84126984126984
2005-08-12,2005-08-13,-0.61,47.22222222222222
2005-08-19,2005-08-20,-0.605,48.80952380952381
2005-08-26,2005-08-27,-0.599,52.38095238095239
2005-09-02,2005-09-03,-0.591,52.77777777777778
2005-09-09,2005-09-10,-0.583,53.96825396825397
2005-09-16,2005-09-17,-0.576,54.761904761904766
2005-09-23,2005-09-24,-0.57,55.158730158730165
2005-09-30,2005-10-01,-0.567,55.952380952380956
2005-10-07,2005-10-08,-0.568,55.952380952380956
2005-10-14,2005-10-15,-0.572,55.158730158730165
2005-10-21,2005-10-22,-0.578,54.761904761904766
2005-10-28,2005-10-29,-0.584,53.96825396825397
2005-11-04,2005-11-05,-0.588,53.96825396825397
2005-11-11,2005-11-12,-0.589,53.57142857142857
2005-11-18,2005-11-19,-0.586,54.761904761904766
2005-11-25,2005-11-26,-0.581,55.952380952380956
2005-12-02,2005-12-03,-0.574,57.53968253968254
2005-12-09,2005-12-10,-0.568,59.523809523809526
2005-12-16,2005-12-17,-0.563,60.71428571428571
2005-12-23,2005-12-24,-0.562,61.111111111111114
2005-12-30,2005-12-31,-0.563,61.111111111111114
2006-01-06,2006-01-07,-0.57,58.730158730158735
2006-01-13,2006-01-14,-0.58,56.34920634920635
2006-01-20,2006-01-21,-0.591,53.17460317460318
2006-01-27,2006-01-28,-0.603,49.60317460317461
2006-02-03,2006-02-04,-0.614,44.84126984126984
2006-02-10,2006-02-11,-0.623,43.65079365079365
2006-02-17,2006-02-18,-0.629,42.46031746031746
2006-02-24,2006-02-25,-0.633,42.06349206349206
2006-03-03,2006-03-04,-0.634,42.06349206349206
2006-03-10,2006-03-11,-0.634,42.46031746031746
2006-03-17,2006-03-18,-0.632,43.25396825396825
2006-03-24,2006-03-25,-0.631,43.65079365079365
2006-03-31,2006-04-01,-0.628,45.23809523809524
2006-04-07,2006-04-08,-0.626,46.03174603174603
2006-04-14,2006-04-15,-0.624,46.82539682539682
2006-04-21,2006-04-22,-0.622,47.61904761904761
2006-04-28,2006-04-29,-0.619,48.01587301587302
2006-05-05,2006-05-06,-0.614,50.0
2006-05-12,2006-05-13,-0.607,53.57142857142857
2006-05-19,2006-05-20,-0.595,59.12698412698413
2006-05-26,2006-05-27,-0.582,63.095238095238095
2006-06-02,2006-06-03,-0.568,68.25396825396825
2006-06-09,2006-06-10,-0.554,71.42857142857143
2006-06-16,2006-06-17,-0.542,72.22222222222221
2006-06-23,2006-06-24,-0.533,74.20634920634922
2006-06-30,2006-07-01,-0.529,75.0
2006-07-07,2006-07-08,-0.529,75.39682539682539
2006-07-14,2006-07-15,-0.535,73.4126984126984
2006-07-21,2006-07-22,-0.545,71.82539682539682
2006-07-28,2006-07-29,-0.559,70.63492063492063
2006-08-04,2006-08-05,-0.573,65.87301587301587
2006-08-11,2006-08-12,-0.586,62.301587301587304
2006-08-18,2006-08-19,-0.596,59.12698412698413
2006-08-25,2006-08-26,-0.603,55.952380952380956
2006-09-01,2006-09-02,-0.606,54.36507936507936
2006-09-08,2006-09-09,-0.607,53.96825396825397
2006-09-15,2006-09-16,-0.606,55.158730158730165
2006-09-22,2006-09-23,-0.605,56.34920634920635
2006-09-29,2006-09-30,-0.606,55.55555555555556
2006-10-06,2006-10-07,-0.61,53.17460317460318
2006-10-13,2006-10-14,-0.616,49.2063492063492
2006-10-20,2006-10-21,-0.622,48.01587301587302
2006-10-27,2006-10-28,-0.628,45.63492063492063
2006-11-03,2006-11-04,-0.632,43.65079365079365
2006-11-10,2006-11-11,-0.633,43.25396825396825
2006-11-17,2006-11-18,-0.631,44.84126984126984
2006-11-24,2006-11-25,-0.628,47.22222222222222
2006-12-01,2006-12-02,-0.623,49.60317460317461
2006-12-08,2006-12-09,-0.62,50.79365079365079
2006-12-15,2006-12-16,-0.621,50.79365079365079
2006-12-22,2006-12-23,-0.625,48.41269841269841
2006-12-29,2006-12-30,-0.633,43.65079365079365
2007-01-05,2007-01-06,-0.645,41.269841269841265
2007-01-12,2007-01-13,-0.658,40.87301587301587
2007-01-19,2007-01-20,-0.671,38.88888888888889
2007-01-26,2007-01-27,-0.68,37.698412698412696
2007-02-02,2007-02-03,-0.684,36.507936507936506
2007-02-09,2007-02-10,-0.682,37.301587301587304
2007-02-16,2007-02-17,-0.675,39.285714285714285
2007-02-23,2007-02-24,-0.662,42.46031746031746
2007-03-02,2007-03-03,-0.647,44.047619047619044
2007-03-09,2007-03-10,-0.632,48.41269841269841
2007-03-16,2007-03-17,-0.62,55.952380952380956
2007-03-23,2007-03-24,-0.612,59.12698412698413
2007-03-30,2007-03-31,-0.606,64.28571428571429
2007-04-06,2007-04-07,-0.602,67.06349206349206
2007-04-13,2007-04-14,-0.599,69.84126984126983
2007-04-20,2007-04-21,-0.594,71.03174603174604
2007-04-27,2007-04-28,-0.588,73.4126984126984
2007-05-04,2007-05-05,-0.579,76.5873015873016
2007-05-11,2007-05-12,-0.57,79.76190476190477
2007-05-18,2007-05-19,-0.561,83.33333333333334
2007-05-25,2007-05-26,-0.553,84.92063492063492
2007-06-01,2007-06-02,-0.546,85.31746031746032
2007-06-08,2007-06-09,-0.543,86.5079365079365
2007-06-15,2007-06-16,-0.539,87.3015873015873
2007-06-22,2007-06-23,-0.534,88.4920634920635
2007-06-29,2007-06-30,-0.522,91.66666666666666
2007-07-06,2007-07-07,-0.497,92.85714285714286
2007-07-13,2007-07-14,-0.452,96.03174603174604
2007-07-20,2007-07-21,-0.384,98.4126984126984
2007-07-27,2007-07-28,-0.29,100.0
2007-08-03,2007-08-04,-0.178,100.0
2007-08-10,2007-08-11,-0.058,100.0
2007-08-17,2007-08-18,0.06,100.0
2007-08-24,2007-08-25,0.154,100.0
2007-08-31,2007-09-01,0.206,100.0
2007-09-07,2007-09-08,0.222,100.0
2007-09-14,2007-09-15,0.199,99.20634920634922
2007-09-21,2007-09-22,0.142,98.4126984126984
2007-09-28,2007-09-29,0.078,98.01587301587301
2007-10-05,2007-10-06,0.017,97.22222222222221
2007-10-12,2007-10-13,-0.023,96.82539682539682
2007-10-19,2007-10-20,-0.03,96.42857142857143
2007-10-26,2007-10-27,0.0,96.82539682539682
2007-11-02,2007-11-03,0.067,97.61904761904762
2007-11-09,2007-11-10,0.164,98.80952380952381
2007-11-16,2007-11-17,0.275,100.0
2007-11-23,2007-11-24,0.388,100.0
2007-11-30,2007-12-01,0.481,100.0
2007-12-07,2007-12-08,0.545,100.0
2007-12-14,2007-12-15,0.572,100.0
2007-12-21,2007-12-22,0.562,99.60317460317461
2007-12-28,2007-12-29,0.522,98.80952380952381
2008-01-04,2008-01-05,0.475,98.01587301587301
2008-01-11,2008-01-12,0.43,97.61904761904762
2008-01-18,2008-01-19,0.406,97.22222222222221
2008-01-25,2008-01-26,0.413,97.22222222222221
2008-02-01,2008-02-02,0.443,97.61904761904762
2008-02-08,2008-02-09,0.505,98.4126984126984
2008-02-15,2008-02-16,0.59,100.0
2008-02-22,2008-02-23,0.689,100.0
2008-02-29,2008-03-01,0.789,100.0
2008-03-07,2008-03-08,0.881,100.0
2008-03-14,2008-03-15,0.942,100.0
2008-03-21,2008-03-22,0.967,100.0
2008-03-28,2008-03-29,0.947,99.60317460317461
2008-04-04,2008-04-05,0.894,98.80952380952381
2008-04-11,2008-04-12,0.82,98.01587301587301
2008-04-18,2008-04-19,0.738,97.22222222222221
2008-04-25,2008-04-26,0.652,96.42857142857143
2008-05-02,2008-05-03,0.577,95.63492063492063
2008-05-09,2008-05-10,0.522,94.04761904761905
2008-05-16,2008-05-17,0.49,92.85714285714286
2008-05-23,2008-05-24,0.485,92.46031746031747
2008-05-30,2008-05-31,0.506,93.25396825396825
2008-06-06,2008-06-07,0.552,94.44444444444444
2008-06-13,2008-06-14,0.606,96.03174603174604
2008-06-20,2008-06-21,0.662,96.42857142857143
2008-06-27,2008-06-28,0.714,96.82539682539682
2008-07-04,2008-07-05,0.746,97.22222222222221
2008-07-11,2008-07-12,0.755,97.22222222222221
2008-07-18,2008-07-19,0.745,96.42857142857143
2008-07-25,2008-07-26,0.716,95.63492063492063
2008-08-01,2008-08-02,0.686,94.44444444444444
2008-08-08,2008-08-09,0.67,94.04761904761905
2008-08-15,2008-08-16,0.678,94.04761904761905
2008-08-22,2008-08-23,0.734,95.63492063492063
2008-08-29,2008-08-30,0.842,98.01587301587301
2008-09-05,2008-09-06,1.01,100.0
2008-09-12,2008-09-13,1.231,100.0
2008-09-19,2008-09-20,1.514,100.0
2008-09-26,2008-09-27,1.795,100.0
2008-10-03,2008-10-04,2.075,100.0
2008-10-10,2008-10-11,2.327,100.0
2008-10-17,2008-10-18,2.524,100.0
2008-10-24,2008-10-25,2.667,100.0
2008-10-31,2008-11-01,2.789,100.0
2008-11-07,2008-11-08,2.883,100.0
2008-11-14,2008-11-15,2.964,100.0
2008-11-21,2008-11-22,3.041,100.0
2008-11-28,2008-11-29,3.068,100.0
2008-12-05,2008-12-06,3.061,99.60317460317461
2008-12-12,2008-12-13,2.997,98.80952380952381
2008-12-19,2008-12-20,2.873,97.61904761904762
2008-12-26,2008-12-27,2.714,96.82539682539682
2009-01-02,2009-01-03,2.561,96.03174603174604
2009-01-09,2009-01-10,2.408,95.23809523809523
2009-01-16,2009-01-17,2.284,94.44444444444444
2009-01-23,2009-01-24,2.194,94.04761904761905
2009-01-30,2009-01-31,2.134,93.65079365079364
2009-02-06,2009-02-07,2.104,93.25396825396825
2009-02-13,2009-02-14,2.105,93.25396825396825
2009-02-20,2009-02-21,2.121,93.25396825396825
2009-02-27,2009-02-28,2.137,93.65079365079364
2009-03-06,2009-03-07,2.141,93.65079365079364
2009-03-13,2009-03-14,2.104,91.66666666666666
2009-03-20,2009-03-21,2.031,90.47619047619048
2009-03-27,2009-03-28,1.926,90.07936507936508
2009-04-03,2009-04-04,1.802,89.68253968253968
2009-04-10,2009-04-11,1.662,88.88888888888889
2009-04-17,2009-04-18,1.519,88.4920634920635
2009-04-24,2009-04-25,1.38,87.6984126984127
2009-05-01,2009-05-02,1.245,87.3015873015873
2009-05-08,2009-05-09,1.121,86.5079365079365
2009-05-15,2009-05-16,1.02,86.11111111111111
2009-05-22,2009-05-23,0.936,84.12698412698413
2009-05-29,2009-05-30,0.876,82.93650793650794
2009-06-05,2009-06-06,0.829,82.14285714285714
2009-06-12,2009-06-13,0.793,81.34920634920636
2009-06-19,2009-06-20,0.763,80.55555555555556
2009-06-26,2009-06-27,0.726,78.17460317460318
2009-07-03,2009-07-04,0.68,76.19047619047619
2009-07-10,2009-07-11,0.625,74.20634920634922
2009-07-17,2009-07-18,0.559,71.82539682539682
2009-07-24,2009-07-25,0.487,68.65079365079364
2009-07-31,2009-08-01,0.419,66.26984126984127
2009-08-07,2009-08-08,0.359,64.68253968253968
2009-08-14,2009-08-15,0.31,64.28571428571429
2009-08-21,2009-08-22,0.269,63.49206349206349
2009-08-28,2009-08-29,0.232,63.095238095238095
2009-09-04,2009-09-05,0.2,61.904761904761905
2009-09-11,2009-09-12,0.167,61.111111111111114
2009-09-18,2009-09-19,0.134,59.523809523809526
2009-09-25,2009-09-26,0.106,59.12698412698413
2009-10-02,2009-10-03,0.083,58.730158730158735
2009-10-09,2009-10-10,0.062,57.53968253968254
2009-10-16,2009-10-17,0.045,56.74603174603175
2009-10-23,2009-10-24,0.032,56.34920634920635
2009-10-30,2009-10-31,0.024,55.952380952380956
2009-11-06,2009-11-07,0.015,55.158730158730165
2009-11-13,2009-11-14,0.004,54.761904761904766
2009-11-20,2009-11-21,-0.01,53.96825396825397
2009-11-27,2009-11-28,-0.029,53.17460317460318
2009-12-04,2009-12-05,-0.053,52.38095238095239
2009-12-11,2009-12-12,-0.084,51.587301587301596
2009-12-18,2009-12-19,-0.116,51.19047619047619
2009-12-25,2009-12-26,-0.147,50.79365079365079
2010-01-01,2010-01-02,-0.171,50.39682539682539
2010-01-08,2010-01-09,-0.192,49.60317460317461
2010-01-15,2010-01-16,-0.201,49.2063492063492
2010-01-22,2010-01-23,-0.2,49.2063492063492
2010-01-29,2010-01-30,-0.196,49.2063492063492
2010-02-05,2010-02-06,-0.193,49.2063492063492
2010-02-12,2010-02-13,-0.196,48.80952380952381
2010-02-19,2010-02-20,-0.213,47.22222222222222
2010-02-26,2010-02-27,-0.241,46.82539682539682
2010-03-05,2010-03-06,-0.281,46.42857142857143
2010-03-12,2010-03-13,-0.327,45.63492063492063
2010-03-19,2010-03-20,-0.372,45.23809523809524
2010-03-26,2010-03-27,-0.413,44.44444444444444
2010-04-02,2010-04-03,-0.441,44.047619047619044
2010-04-09,2010-04-10,-0.453,43.25396825396825
2010-04-16,2010-04-17,-0.442,43.65079365079365
2010-04-23,2010-04-24,-0.406,44.44444444444444
2010-04-30,2010-05-01,-0.347,45.23809523809524
2010-05-07,2010-05-08,-0.271,46.42857142857143
2010-05-14,2010-05-15,-0.195,48.80952380952381
2010-05-21,2010-05-22,-0.122,50.79365079365079
2010-05-28,2010-05-29,-0.068,51.587301587301596
2010-06-04,2010-06-05,-0.036,52.38095238095239
2010-06-11,2010-06-12,-0.027,53.17460317460318
2010-06-18,2010-06-19,-0.041,51.587301587301596
2010-06-25,2010-06-26,-0.069,50.0
2010-07-02,2010-07-03,-0.103,49.2063492063492
2010-07-09,2010-07-10,-0.144,48.01587301587302
2010-07-16,2010-07-17,-0.185,46.42857142857143
2010-07-23,2010-07-24,-0.218,42.857142857142854
2010-07-30,2010-07-31,-0.242,42.06349206349206
2010-08-06,2010-08-07,-0.257,41.66666666666667
2010-08-13,2010-08-14,-0.262,41.269841269841265
2010-08-20,2010-08-21,-0.264,40.87301587301587
2010-08-27,2010-08-28,-0.266,40.476190476190474
2010-09-03,2010-09-04,-0.273,39.682539682539684
2010-09-10,2010-09-11,-0.288,38.88888888888889
2010-09-17,2010-09-18,-0.307,38.095238095238095
2010-09-24,2010-09-25,-0.329,37.301587301587304
2010-10-01,2010-10-02,-0.353,36.507936507936506
2010-10-08,2010-10-09,-0.376,35.714285714285715
2010-10-15,2010-10-16,-0.398,34.92063492063492
2010-10-22,2010-10-23,-0.415,33.730158730158735
2010-10-29,2010-10-30,-0.429,33.33333333333333
2010-11-05,2010-11-06,-0.438,32.93650793650794
2010-11-12,2010-11-13,-0.442,32.142857142857146
2010-11-19,2010-11-20,-0.444,31.349206349206348
2010-11-26,2010-11-27,-0.446,30.952380952380953
2010-12-03,2010-12-04,-0.452,30.555555555555557
2010-12-10,2010-12-11,-0.464,29.365079365079367
2010-12-17,2010-12-18,-0.479,28.968253968253972
2010-12-24,2010-12-25,-0.498,28.174603174603174
2010-12-31,2011-01-01,-0.519,27.77777777777778
2011-01-07,2011-01-08,-0.541,24.6031746031746
2011-01-14,2011-01-15,-0.561,21.428571428571427
2011-01-21,2011-01-22,-0.579,19.444444444444446
2011-01-28,2011-01-29,-0.591,17.46031746031746
2011-02-04,2011-02-05,-0.596,16.26984126984127
2011-02-11,2011-02-12,-0.594,17.063492063492063
2011-02-18,2011-02-19,-0.585,18.253968253968253
2011-02-25,2011-02-26,-0.57,20.238095238095237
2011-03-04,2011-03-05,-0.557,21.825396825396826
2011-03-11,2011-03-12,-0.546,23.015873015873016
2011-03-18,2011-03-19,-0.541,24.6031746031746
2011-03-25,2011-03-26,-0.546,22.61904761904762
2011-04-01,2011-04-02,-0.556,20.634920634920633
2011-04-08,2011-04-09,-0.571,18.253968253968253
2011-04-15,2011-04-16,-0.584,17.063492063492063
2011-04-22,2011-04-23,-0.593,15.476190476190476
2011-04-29,2011-04-30,-0.597,13.88888888888889
2011-05-06,2011-05-07,-0.594,15.873015873015872
2011-05-13,2011-05-14,-0.585,18.253968253968253
2011-05-20,2011-05-21,-0.573,20.238095238095237
2011-05-27,2011-05-28,-0.559,22.61904761904762
2011-06-03,2011-06-04,-0.546,25.0
2011-06-10,2011-06-11,-0.533,26.984126984126984
2011-06-17,2011-06-18,-0.524,26.984126984126984
2011-06-24,2011-06-25,-0.517,27.77777777777778
2011-07-01,2011-07-02,-0.51,27.77777777777778
2011-07-08,2011-07-09,-0.498,28.174603174603174
2011-07-15,2011-07-16,-0.475,28.968253968253972
2011-07-22,2011-07-23,-0.441,32.53968253968254
2011-07-29,2011-07-30,-0.392,34.92063492063492
2011-08-05,2011-08-06,-0.329,37.301587301587304
2011-08-12,2011-08-13,-0.258,41.269841269841265
2011-08-19,2011-08-20,-0.195,45.23809523809524
2011-08-26,2011-08-27,-0.137,48.01587301587302
2011-09-02,2011-09-03,-0.094,49.2063492063492
2011-09-09,2011-09-10,-0.062,50.39682539682539
2011-09-16,2011-09-17,-0.044,51.19047619047619
2011-09-23,2011-09-24,-0.036,51.98412698412699
2011-09-30,2011-10-01,-0.038,51.19047619047619
2011-10-07,2011-10-08,-0.05,50.0
2011-10-14,2011-10-15,-0.071,47.61904761904761
2011-10-21,2011-10-22,-0.089,46.82539682539682
2011-10-28,2011-10-29,-0.103,46.03174603174603
2011-11-04,2011-11-05,-0.104,45.23809523809524
2011-11-11,2011-11-12,-0.097,46.03174603174603
2011-11-18,2011-11-19,-0.085,46.82539682539682
2011-11-25,2011-11-26,-0.072,47.22222222222222
2011-12-02,2011-12-03,-0.07,47.61904761904761
2011-12-09,2011-12-10,-0.076,46.42857142857143
2011-12-16,2011-12-17,-0.09,44.84126984126984
2011-12-23,2011-12-24,-0.114,42.46031746031746
2011-12-30,2011-12-31,-0.148,40.07936507936508
2012-01-06,2012-01-07,-0.19,38.492063492063494
2012-01-13,2012-01-14,-0.236,34.12698412698413
2012-01-20,2012-01-21,-0.281,30.158730158730158
2012-01-27,2012-01-28,-0.323,28.174603174603174
2012-02-03,2012-02-04,-0.355,25.793650793650798
2012-02-10,2012-02-11,-0.379,24.6031746031746
2012-02-17,2012-02-18,-0.395,23.41269841269841
2012-02-24,2012-02-25,-0.407,22.22222222222222
2012-03-02,2012-03-03,-0.418,21.03174603174603
2012-03-09,2012-03-10,-0.426,20.634920634920633
2012-03-16,2012-03-17,-0.433,19.841269841269842
2012-03-23,2012-03-24,-0.437,19.444444444444446
2012-03-30,2012-03-31,-0.435,19.444444444444446
2012-04-06,2012-04-07,-0.427,20.238095238095237
2012-04-13,2012-04-14,-0.415,21.428571428571427
2012-04-20,2012-04-21,-0.399,22.61904761904762
2012-04-27,2012-04-28,-0.378,24.6031746031746
2012-05-04,2012-05-05,-0.352,26.190476190476193
2012-05-11,2012-05-12,-0.321,28.174603174603174
2012-05-18,2012-05-19,-0.287,29.365079365079367
2012-05-25,2012-05-26,-0.261,32.142857142857146
2012-06-01,2012-06-02,-0.242,33.730158730158735
2012-06-08,2012-06-09,-0.235,34.92063492063492
2012-06-15,2012-06-16,-0.241,34.523809523809526
2012-06-22,2012-06-23,-0.256,33.33333333333333
2012-06-29,2012-06-30,-0.275,30.158730158730158
2012-07-06,2012-07-07,-0.298,28.57142857142857
2012-07-13,2012-07-14,-0.322,27.77777777777778
2012-07-20,2012-07-21,-0.346,26.190476190476193
2012-07-27,2012-07-28,-0.367,24.6031746031746
2012-08-03,2012-08-04,-0.389,23.015873015873016
2012-08-10,2012-08-11,-0.408,20.634920634920633
2012-08-17,2012-08-18,-0.426,19.047619047619047
2012-08-24,2012-08-25,-0.444,14.682539682539684
2012-08-31,2012-09-01,-0.461,13.095238095238097
2012-09-07,2012-09-08,-0.48,11.904761904761903
2012-09-14,2012-09-15,-0.499,11.11111111111111
2012-09-21,2012-09-22,-0.515,10.714285714285714
2012-09-28,2012-09-29,-0.528,9.523809523809524
2012-10-05,2012-10-06,-0.539,9.126984126984127
2012-10-12,2012-10-13,-0.546,8.333333333333332
2012-10-19,2012-10-20,-0.55,7.142857142857142
2012-10-26,2012-10-27,-0.55,7.5396825396825395
2012-11-02,2012-11-03,-0.549,7.936507936507936
2012-11-09,2012-11-10,-0.547,8.333333333333332
2012-11-16,2012-11-17,-0.546,10.317460317460316
2012-11-23,2012-11-24,-0.55,7.936507936507936
2012-11-30,2012-12-01,-0.556,7.142857142857142
2012-12-07,2012-12-08,-0.564,5.555555555555555
2012-12-14,2012-12-15,-0.576,4.365079365079365
2012-12-21,2012-12-22,-0.588,2.7777777777777777
2012-12-28,2012-12-29,-0.6,0.3968253968253968
2013-01-04,2013-01-05,-0.614,0.3968253968253968
2013-01-11,2013-01-12,-0.627,0.3968253968253968
2013-01-18,2013-01-19,-0.637,0.3968253968253968
2013-01-25,2013-01-26,-0.643,0.3968253968253968
2013-02-01,2013-02-02,-0.647,0.3968253968253968
2013-02-08,2013-02-09,-0.648,0.3968253968253968
2013-02-15,2013-02-16,-0.649,0.3968253968253968
2013-02-22,2013-02-23,-0.65,0.3968253968253968
2013-03-01,2013-03-02,-0.651,0.3968253968253968
2013-03-08,2013-03-09,-0.653,0.3968253968253968
2013-03-15,2013-03-16,-0.656,0.3968253968253968
2013-03-22,2013-03-23,-0.659,0.3968253968253968
2013-03-29,2013-03-30,-0.664,0.3968253968253968
2013-04-05,2013-04-06,-0.671,0.3968253968253968
2013-04-12,2013-04-13,-0.681,0.3968253968253968
2013-04-19,2013-04-20,-0.692,0.3968253968253968
2013-04-26,2013-04-27,-0.704,0.3968253968253968
2013-05-03,2013-05-04,-0.714,0.3968253968253968
2013-05-10,2013-05-11,-0.718,0.3968253968253968
2013-05-17,2013-05-18,-0.716,0.7936507936507936
2013-05-24,2013-05-25,-0.706,1.5873015873015872
2013-05-31,2013-06-01,-0.69,2.7777777777777777
2013-06-07,2013-06-08,-0.671,3.968253968253968
2013-06-14,2013-06-15,-0.652,5.952380952380952
2013-06-21,2013-06-22,-0.637,9.126984126984127
2013-06-28,2013-06-29,-0.63,9.523809523809524
2013-07-05,2013-07-06,-0.63,9.920634920634921
2013-07-12,2013-07-13,-0.637,9.523809523809524
2013-07-19,2013-07-20,-0.649,7.5396825396825395
2013-07-26,2013-07-27,-0.66,4.761904761904762
2013-08-02,2013-08-03,-0.669,4.365079365079365
2013-08-09,2013-08-10,-0.673,3.571428571428571
2013-08-16,2013-08-17,-0.672,3.968253968253968
2013-08-23,2013-08-24,-0.668,5.555555555555555
2013-08-30,2013-08-31,-0.665,5.952380952380952
2013-09-06,2013-09-07,-0.663,6.746031746031746
2013-09-13,2013-09-14,-0.665,6.349206349206349
2013-09-20,2013-09-21,-0.669,5.555555555555555
2013-09-27,2013-09-28,-0.677,3.571428571428571
2013-10-04,2013-10-05,-0.686,3.1746031746031744
2013-10-11,2013-10-12,-0.698,2.380952380952381
2013-10-18,2013-10-19,-0.712,1.5873015873015872
2013-10-25,2013-10-26,-0.726,0.3968253968253968
2013-11-01,2013-11-02,-0.738,0.3968253968253968
2013-11-08,2013-11-09,-0.748,0.3968253968253968
2013-11-15,2013-11-16,-0.757,0.3968253968253968
2013-11-22,2013-11-23,-0.764,0.3968253968253968
2013-11-29,2013-11-30,-0.769,0.3968253968253968
2013-12-06,2013-12-07,-0.773,0.3968253968253968
2013-12-13,2013-12-14,-0.776,0.3968253968253968
2013-12-20,2013-12-21,-0.778,0.3968253968253968
2013-12-27,2013-12-28,-0.778,0.7936507936507936
2014-01-03,2014-01-04,-0.776,1.5873015873015872
2014-01-10,2014-01-11,-0.773,2.380952380952381
2014-01-17,2014-01-18,-0.769,3.1746031746031744
2014-01-24,2014-01-25,-0.765,3.571428571428571
2014-01-31,2014-02-01,-0.763,4.365079365079365
2014-02-07,2014-02-08,-0.764,4.365079365079365
2014-02-14,2014-02-15,-0.767,3.571428571428571
2014-02-21,2014-02-22,-0.772,2.7777777777777777
2014-02-28,2014-03-01,-0.776,1.984126984126984
2014-03-07,2014-03-08,-0.779,0.3968253968253968
2014-03-14,2014-03-15,-0.779,0.7936507936507936
2014-03-21,2014-03-22,-0.778,1.984126984126984
2014-03-28,2014-03-29,-0.776,3.571428571428571
2014-04-04,2014-04-05,-0.774,3.968253968253968
2014-04-11,2014-04-12,-0.771,5.555555555555555
2014-04-18,2014-04-19,-0.769,6.746031746031746
2014-04-25,2014-04-26,-0.769,7.142857142857142
2014-05-02,2014-05-03,-0.77,5.952380952380952
2014-05-09,2014-05-10,-0.773,5.158730158730158
2014-05-16,2014-05-17,-0.777,2.380952380952381
2014-05-23,2014-05-24,-0.783,0.3968253968253968
2014-05-30,2014-05-31,-0.789,0.3968253968253968
2014-06-06,2014-06-07,-0.792,0.3968253968253968
2014-06-13,2014-06-14,-0.792,0.7936507936507936
2014-06-20,2014-06-21,-0.789,1.5873015873015872
2014-06-27,2014-06-28,-0.782,2.380952380952381
2014-07-04,2014-07-05,-0.772,8.73015873015873
2014-07-11,2014-07-12,-0.761,13.492063492063492
2014-07-18,2014-07-19,-0.749,14.285714285714285
2014-07-25,2014-07-26,-0.738,15.476190476190476
2014-08-01,2014-08-02,-0.73,15.873015873015872
2014-08-08,2014-08-09,-0.725,16.666666666666664
2014-08-15,2014-08-16,-0.725,17.063492063492063
2014-08-22,2014-08-23,-0.724,17.46031746031746
2014-08-29,2014-08-30,-0.722,17.857142857142858
2014-09-05,2014-09-06,-0.716,19.047619047619047
2014-09-12,2014-09-13,-0.705,20.634920634920633
2014-09-19,2014-09-20,-0.69,22.61904761904762
2014-09-26,2014-09-27,-0.673,24.6031746031746
2014-10-03,2014-10-04,-0.657,29.761904761904763
2014-10-10,2014-10-11,-0.645,33.730158730158735
2014-10-17,2014-10-18,-0.638,34.523809523809526
2014-10-24,2014-10-25,-0.639,34.523809523809526
2014-10-31,2014-11-01,-0.644,34.12698412698413
2014-11-07,2014-11-08,-0.651,31.746031746031743
2014-11-14,2014-11-15,-0.656,30.555555555555557
2014-11-21,2014-11-22,-0.656,30.952380952380953
2014-11-28,2014-11-29,-0.649,34.12698412698413
2014-12-05,2014-12-06,-0.637,38.492063492063494
2014-12-12,2014-12-13,-0.617,40.07936507936508
2014-12-19,2014-12-20,-0.594,42.857142857142854
2014-12-26,2014-12-27,-0.572,46.82539682539682
2015-01-02,2015-01-03,-0.55,51.587301587301596
2015-01-09,2015-01-10,-0.532,56.34920634920635
2015-01-16,2015-01-17,-0.517,58.333333333333336
2015-01-23,2015-01-24,-0.509,59.523809523809526
2015-01-30,2015-01-31,-0.505,59.92063492063492
2015-02-06,2015-02-07,-0.507,59.92063492063492
2015-02-13,2015-02-14,-0.511,59.12698412698413
2015-02-20,2015-02-21,-0.518,57.936507936507944
2015-02-27,2015-02-28,-0.525,57.14285714285714
2015-03-06,2015-03-07,-0.53,56.74603174603175
2015-03-13,2015-03-14,-0.534,55.952380952380956
2015-03-20,2015-03-21,-0.537,55.952380952380956
2015-03-27,2015-03-28,-0.539,55.952380952380956
2015-04-03,2015-04-04,-0.54,55.55555555555556
2015-04-10,2015-04-11,-0.542,54.761904761904766
2015-04-17,2015-04-18,-0.543,54.761904761904766
2015-04-24,2015-04-25,-0.545,54.761904761904766
2015-05-01,2015-05-02,-0.546,54.761904761904766
2015-05-08,2015-05-09,-0.546,55.158730158730165
2015-05-15,2015-05-16,-0.546,55.55555555555556
2015-05-22,2015-05-23,-0.546,55.952380952380956
2015-05-29,2015-05-30,-0.546,56.34920634920635
2015-06-05,2015-06-06,-0.546,56.74603174603175
2015-06-12,2015-06-13,-0.544,57.53968253968254
2015-06-19,2015-06-20,-0.542,58.730158730158735
2015-06-26,2015-06-27,-0.539,61.111111111111114
2015-07-03,2015-07-04,-0.534,62.301587301587304
2015-07-10,2015-07-11,-0.529,63.888888888888886
2015-07-17,2015-07-18,-0.524,65.47619047619048
2015-07-24,2015-07-25,-0.514,67.85714285714286
2015-07-31,2015-08-01,-0.499,70.63492063492063
2015-08-07,2015-08-08,-0.481,71.82539682539682
2015-08-14,2015-08-15,-0.459,74.20634920634922
2015-08-21,2015-08-22,-0.437,77.77777777777779
2015-08-28,2015-08-29,-0.417,80.55555555555556
2015-09-04,2015-09-05,-0.404,81.74603174603175
2015-09-11,2015-09-12,-0.398,82.14285714285714
2015-09-18,2015-09-19,-0.398,82.14285714285714
2015-09-25,2015-09-26,-0.404,80.95238095238095
2015-10-02,2015-10-03,-0.414,79.36507936507937
2015-10-09,2015-10-10,-0.429,76.5873015873016
2015-10-16,2015-10-17,-0.444,74.20634920634922
2015-10-23,2015-10-24,-0.457,73.4126984126984
2015-10-30,2015-10-31,-0.466,72.22222222222221
2015-11-06,2015-11-07,-0.469,71.82539682539682
2015-11-13,2015-11-14,-0.466,72.22222222222221
2015-11-20,2015-11-21,-0.457,73.4126984126984
2015-11-27,2015-11-28,-0.443,74.20634920634922
2015-12-04,2015-12-05,-0.424,77.77777777777779
2015-12-11,2015-12-12,-0.402,80.95238095238095
2015-12-18,2015-12-19,-0.381,83.33333333333334
2015-12-25,2015-12-26,-0.361,84.52380952380952
2016-01-01,2016-01-02,-0.343,85.71428571428571
2016-01-08,2016-01-09,-0.328,86.11111111111111
2016-01-15,2016-01-16,-0.315,87.3015873015873
2016-01-22,2016-01-23,-0.305,87.3015873015873
2016-01-29,2016-01-30,-0.298,87.6984126984127
2016-02-05,2016-02-06,-0.295,87.6984126984127
2016-02-12,2016-02-13,-0.295,87.6984126984127
2016-02-19,2016-02-20,-0.303,86.11111111111111
2016-02-26,2016-02-27,-0.316,84.92063492063492
2016-03-04,2016-03-05,-0.331,82.53968253968253
2016-03-11,2016-03-12,-0.347,81.34920634920636
2016-03-18,2016-03-19,-0.36,80.15873015873017
2016-03-25,2016-03-26,-0.37,78.96825396825396
2016-04-01,2016-04-02,-0.377,78.57142857142857
2016-04-08,2016-04-09,-0.38,77.38095238095238
2016-04-15,2016-04-16,-0.383,76.5873015873016
2016-04-22,2016-04-23,-0.385,76.19047619047619
2016-04-29,2016-04-30,-0.385,76.19047619047619
2016-05-06,2016-05-07,-0.383,76.5873015873016
2016-05-13,2016-05-14,-0.381,76.98412698412699
2016-05-20,2016-05-21,-0.378,78.17460317460318
2016-05-27,2016-05-28,-0.373,78.57142857142857
2016-06-03,2016-06-04,-0.367,79.76190476190477
2016-06-10,2016-06-11,-0.36,80.95238095238095
2016-06-17,2016-06-18,-0.352,82.14285714285714
2016-06-24,2016-06-25,-0.347,82.93650793650794
2016-07-01,2016-07-02,-0.344,83.73015873015873
2016-07-08,2016-07-09,-0.345,83.73015873015873
2016-07-15,2016-07-16,-0.349,82.53968253968253
2016-07-22,2016-07-23,-0.353,81.74603174603175
2016-07-29,2016-07-30,-0.358,81.34920634920636
2016-08-05,2016-08-06,-0.36,81.34920634920636
2016-08-12,2016-08-13,-0.36,81.74603174603175
2016-08-19,2016-08-20,-0.358,82.53968253968253
2016-08-26,2016-08-27,-0.353,83.73015873015873
2016-09-02,2016-09-03,-0.346,86.5079365079365
2016-09-09,2016-09-10,-0.34,88.09523809523809
2016-09-16,2016-09-17,-0.335,88.4920634920635
2016-09-23,2016-09-24,-0.334,88.88888888888889
2016-09-30,2016-10-01,-0.337,88.4920634920635
2016-10-07,2016-10-08,-0.345,87.3015873015873
2016-10-14,2016-10-15,-0.354,83.33333333333334
2016-10-21,2016-10-22,-0.365,80.15873015873017
2016-10-28,2016-10-29,-0.378,78.17460317460318
2016-11-04,2016-11-05,-0.39,73.80952380952381
2016-11-11,2016-11-12,-0.404,71.82539682539682
2016-11-18,2016-11-19,-0.417,69.44444444444444
2016-11-25,2016-11-26,-0.429,67.06349206349206
2016-12-02,2016-12-03,-0.438,65.07936507936508
2016-12-09,2016-12-10,-0.447,63.888888888888886
2016-12-16,2016-12-17,-0.454,63.888888888888886
2016-12-23,2016-12-24,-0.459,63.095238095238095
2016-12-30,2016-12-31,-0.466,62.301587301587304
2017-01-06,2017-01-07,-0.471,61.111111111111114
2017-01-13,2017-01-14,-0.477,61.111111111111114
2017-01-20,2017-01-21,-0.482,60.317460317460316
2017-01-27,2017-01-28,-0.485,60.317460317460316
2017-02-03,2017-02-04,-0.488,60.317460317460316
2017-02-10,2017-02-11,-0.489,60.317460317460316
2017-02-17,2017-02-18,-0.488,61.111111111111114
2017-02-24,2017-02-25,-0.486,61.50793650793651
2017-03-03,2017-03-04,-0.484,62.301587301587304
2017-03-10,2017-03-11,-0.482,63.095238095238095
2017-03-17,2017-03-18,-0.479,64.28571428571429
2017-03-24,2017-03-25,-0.478,64.68253968253968
2017-03-31,2017-04-01,-0.479,64.68253968253968
2017-04-07,2017-04-08,-0.483,62.698412698412696
2017-04-14,2017-04-15,-0.488,61.50793650793651
2017-04-21,2017-04-22,-0.496,60.317460317460316
2017-04-28,2017-04-29,-0.506,59.12698412698413
2017-05-05,2017-05-06,-0.517,57.14285714285714
2017-05-12,2017-05-13,-0.527,55.55555555555556
2017-05-19,2017-05-20,-0.536,53.17460317460318
2017-05-26,2017-05-27,-0.545,49.60317460317461
2017-06-02,2017-06-03,-0.552,43.65079365079365
2017-06-09,2017-06-10,-0.558,43.25396825396825
2017-06-16,2017-06-17,-0.562,43.25396825396825
2017-06-23,2017-06-24,-0.565,42.857142857142854
2017-06-30,2017-07-01,-0.568,42.857142857142854
2017-07-07,2017-07-08,-0.572,42.857142857142854
2017-07-14,2017-07-15,-0.575,42.46031746031746
2017-07-21,2017-07-22,-0.577,42.06349206349206
2017-07-28,2017-07-29,-0.577,42.46031746031746
2017-08-04,2017-08-05,-0.573,43.65079365079365
2017-08-11,2017-08-12,-0.568,45.23809523809524
2017-08-18,2017-08-19,-0.563,46.42857142857143
2017-08-25,2017-08-26,-0.559,47.22222222222222
2017-09-01,2017-09-02,-0.557,48.01587301587302
2017-09-08,2017-09-09,-0.556,48.80952380952381
2017-09-15,2017-09-16,-0.559,47.61904761904761
2017-09-22,2017-09-23,-0.563,46.82539682539682
2017-09-29,2017-09-30,-0.569,44.84126984126984
2017-10-06,2017-10-07,-0.576,43.25396825396825
2017-10-13,2017-10-14,-0.583,42.06349206349206
2017-10-20,2017-10-21,-0.589,41.66666666666667
2017-10-27,2017-10-28,-0.595,40.87301587301587
2017-11-03,2017-11-04,-0.599,40.476190476190474
2017-11-10,2017-11-11,-0.601,40.07936507936508
2017-11-17,2017-11-18,-0.602,39.682539682539684
2017-11-24,2017-11-25,-0.603,39.285714285714285
2017-12-01,2017-12-02,-0.604,38.88888888888889
2017-12-08,2017-12-09,-0.606,38.492063492063494
2017-12-15,2017-12-16,-0.608,38.095238095238095
2017-12-22,2017-12-23,-0.612,37.698412698412696
2017-12-29,2017-12-30,-0.616,37.301587301587304
2018-01-05,2018-01-06,-0.619,36.507936507936506
2018-01-12,2018-01-13,-0.619,36.507936507936506
2018-01-19,2018-01-20,-0.615,37.301587301587304
2018-01-26,2018-01-27,-0.606,38.492063492063494
2018-02-02,2018-02-03,-0.593,41.269841269841265
2018-02-09,2018-02-10,-0.575,43.65079365079365
2018-02-16,2018-02-17,-0.559,48.41269841269841
2018-02-23,2018-02-24,-0.545,53.57142857142857
2018-03-02,2018-03-03,-0.53,58.730158730158735
2018-03-09,2018-03-10,-0.517,61.50793650793651
2018-03-16,2018-03-17,-0.506,63.49206349206349
2018-03-23,2018-03-24,-0.499,64.28571428571429
2018-03-30,2018-03-31,-0.497,64.28571428571429
2018-04-06,2018-04-07,-0.501,63.095238095238095
2018-04-13,2018-04-14,-0.511,60.71428571428571
2018-04-20,2018-04-21,-0.525,57.53968253968254
2018-04-27,2018-04-28,-0.539,53.17460317460318
2018-05-04,2018-05-05,-0.551,46.03174603174603
2018-05-11,2018-05-12,-0.56,42.857142857142854
2018-05-18,2018-05-19,-0.565,41.269841269841265
2018-05-25,2018-05-26,-0.565,41.269841269841265
2018-06-01,2018-06-02,-0.56,42.857142857142854
2018-06-08,2018-06-09,-0.554,45.23809523809524
2018-06-15,2018-06-16,-0.547,46.42857142857143
2018-06-22,2018-06-23,-0.542,51.587301587301596
2018-06-29,2018-06-30,-0.538,53.17460317460318
2018-07-06,2018-07-07,-0.54,51.587301587301596
2018-07-13,2018-07-14,-0.545,48.80952380952381
2018-07-20,2018-07-21,-0.553,43.25396825396825
2018-07-27,2018-07-28,-0.562,39.285714285714285
2018-08-03,2018-08-04,-0.571,35.317460317460316
2018-08-10,2018-08-11,-0.58,31.746031746031743
2018-08-17,2018-08-18,-0.587,30.952380952380953
2018-08-24,2018-08-25,-0.593,30.158730158730158
2018-08-31,2018-09-01,-0.597,28.57142857142857
2018-09-07,2018-09-08,-0.599,28.174603174603174
2018-09-14,2018-09-15,-0.6,27.380952380952383
2018-09-21,2018-09-22,-0.597,28.57142857142857
2018-09-28,2018-09-29,-0.592,30.158730158730158
2018-10-05,2018-10-06,-0.586,30.952380952380953
2018-10-12,2018-10-13,-0.576,32.93650793650794
2018-10-19,2018-10-20,-0.565,37.698412698412696
2018-10-26,2018-10-27,-0.551,44.047619047619044
2018-11-02,2018-11-03,-0.537,53.57142857142857
2018-11-09,2018-11-10,-0.521,57.936507936507944
2018-11-16,2018-11-17,-0.502,62.698412698412696
2018-11-23,2018-11-24,-0.481,69.04761904761905
2018-11-30,2018-12-01,-0.461,72.61904761904762
2018-12-07,2018-12-08,-0.442,75.79365079365078
2018-12-14,2018-12-15,-0.429,77.38095238095238
2018-12-21,2018-12-22,-0.423,77.77777777777779
2018-12-28,2018-12-29,-0.426,76.98412698412699
2019-01-04,2019-01-05,-0.439,74.60317460317461
2019-01-11,2019-01-12,-0.459,71.42857142857143
2019-01-18,2019-01-19,-0.482,65.47619047619048
2019-01-25,2019-01-26,-0.506,58.333333333333336
2019-02-01,2019-02-02,-0.53,51.19047619047619
2019-02-08,2019-02-09,-0.55,38.88888888888889
2019-02-15,2019-02-16,-0.568,29.761904761904763
2019-02-22,2019-02-23,-0.581,23.809523809523807
2019-03-01,2019-03-02,-0.59,21.825396825396826
2019-03-08,2019-03-09,-0.595,19.841269841269842
2019-03-15,2019-03-16,-0.599,18.253968253968253
2019-03-22,2019-03-23,-0.603,15.873015873015872
2019-03-29,2019-03-30,-0.606,14.682539682539684
2019-04-05,2019-04-06,-0.61,13.095238095238097
2019-04-12,2019-04-13,-0.613,12.3015873015873
2019-04-19,2019-04-20,-0.615,11.904761904761903
2019-04-26,2019-04-27,-0.614,11.904761904761903
2019-05-03,2019-05-04,-0.611,12.698412698412698
2019-05-10,2019-05-11,-0.604,15.079365079365079
2019-05-17,2019-05-18,-0.596,19.047619047619047
2019-05-24,2019-05-25,-0.588,22.22222222222222
2019-05-31,2019-06-01,-0.581,23.809523809523807
2019-06-07,2019-06-08,-0.575,26.58730158730159
2019-06-14,2019-06-15,-0.573,26.984126984126984
2019-06-21,2019-06-22,-0.573,26.984126984126984
2019-06-28,2019-06-29,-0.575,25.793650793650798
2019-07-05,2019-07-06,-0.579,22.61904761904762
2019-07-12,2019-07-13,-0.581,21.825396825396826
2019-07-19,2019-07-20,-0.58,22.22222222222222
2019-07-26,2019-07-27,-0.577,23.41269841269841
2019-08-02,2019-08-03,-0.569,28.57142857142857
2019-08-09,2019-08-10,-0.558,35.317460317460316
2019-08-16,2019-08-17,-0.547,39.285714285714285
2019-08-23,2019-08-24,-0.537,48.41269841269841
2019-08-30,2019-08-31,-0.527,51.98412698412699
2019-09-06,2019-09-07,-0.52,53.57142857142857
2019-09-13,2019-09-14,-0.515,55.158730158730165
2019-09-20,2019-09-21,-0.511,56.34920634920635
2019-09-27,2019-09-28,-0.511,56.34920634920635
2019-10-04,2019-10-05,-0.515,54.36507936507936
2019-10-11,2019-10-12,-0.523,51.19047619047619
2019-10-18,2019-10-19,-0.536,46.03174603174603
2019-10-25,2019-10-26,-0.55,34.92063492063492
2019-11-01,2019-11-02,-0.562,28.57142857142857
2019-11-08,2019-11-09,-0.571,23.41269841269841
2019-11-15,2019-11-16,-0.576,19.841269841269842
2019-11-22,2019-11-23,-0.575,21.825396825396826
2019-11-29,2019-11-30,-0.57,24.6031746031746
2019-12-06,2019-12-07,-0.561,30.555555555555557
2019-12-13,2019-12-14,-0.553,35.317460317460316
2019-12-20,2019-12-21,-0.549,37.698412698412696
2019-12-27,2019-12-28,-0.554,34.92063492063492
2020-01-03,2020-01-04,-0.567,26.984126984126984
2020-01-10,2020-01-11,-0.587,14.682539682539684
2020-01-17,2020-01-18,-0.609,4.365079365079365
2020-01-24,2020-01-25,-0.622,0.3968253968253968
2020-01-31,2020-02-01,-0.62,0.7936507936507936
2020-02-07,2020-02-08,-0.595,13.095238095238097
2020-02-14,2020-02-15,-0.535,50.0
2020-02-21,2020-02-22,-0.435,75.39682539682539
2020-02-28,2020-02-29,-0.297,99.20634920634922
2020-03-06,2020-03-07,-0.136,100.0
2020-03-13,2020-03-14,0.03,100.0
2020-03-20,2020-03-21,0.174,100.0
2020-03-27,2020-03-28,0.266,100.0
2020-04-03,2020-04-04,0.304,100.0
2020-04-10,2020-04-11,0.29,99.60317460317461
2020-04-17,2020-04-18,0.235,98.80952380952381
2020-04-24,2020-04-25,0.157,98.01587301587301
2020-05-01,2020-05-02,0.06,97.61904761904762
2020-05-08,2020-05-09,-0.039,96.82539682539682
2020-05-15,2020-05-16,-0.128,96.42857142857143
2020-05-22,2020-05-23,-0.207,95.63492063492063
2020-05-29,2020-05-30,-0.27,95.23809523809523
2020-06-05,2020-06-06,-0.316,92.06349206349206
2020-06-12,2020-06-13,-0.346,87.3015873015873
2020-06-19,2020-06-20,-0.368,80.15873015873017
2020-06-26,2020-06-27,-0.386,75.0
2020-07-03,2020-07-04,-0.403,73.01587301587301
2020-07-10,2020-07-11,-0.422,71.42857142857143
2020-07-17,2020-07-18,-0.44,67.85714285714286
2020-07-24,2020-07-25,-0.459,65.07936507936508
2020-07-31,2020-08-01,-0.476,61.904761904761905
2020-08-07,2020-08-08,-0.49,55.55555555555556
2020-08-14,2020-08-15,-0.5,54.36507936507936
2020-08-21,2020-08-22,-0.506,53.57142857142857
2020-08-28,2020-08-29,-0.508,52.38095238095239
2020-09-04,2020-09-05,-0.506,54.36507936507936
2020-09-11,2020-09-12,-0.502,55.158730158730165
2020-09-18,2020-09-19,-0.498,56.74603174603175
2020-09-25,2020-09-26,-0.493,57.936507936507944
2020-10-02,2020-10-03,-0.49,58.730158730158735
2020-10-09,2020-10-10,-0.49,59.12698412698413
2020-10-16,2020-10-17,-0.493,58.333333333333336
2020-10-23,2020-10-24,-0.499,56.74603174603175
2020-10-30,2020-10-31,-0.507,52.77777777777778
2020-11-06,2020-11-07,-0.521,49.2063492063492
2020-11-13,2020-11-14,-0.537,45.23809523809524
2020-11-20,2020-11-21,-0.553,38.492063492063494
2020-11-27,2020-11-28,-0.568,28.968253968253972
2020-12-04,2020-12-05,-0.58,19.444444444444446
2020-12-11,2020-12-12,-0.591,14.682539682539684
2020-12-18,2020-12-19,-0.598,11.11111111111111
2020-12-25,2020-12-26,-0.604,7.936507936507936
2021-01-01,2021-01-02,-0.609,5.555555555555555
2021-01-08,2021-01-09,-0.614,3.571428571428571
2021-01-15,2021-01-16,-0.617,1.984126984126984
2021-01-22,2021-01-23,-0.619,1.984126984126984
2021-01-29,2021-01-30,-0.619,2.380952380952381
2021-02-05,2021-02-06,-0.621,0.7936507936507936
2021-02-12,2021-02-13,-0.623,0.3968253968253968
2021-02-19,2021-02-20,-0.625,0.3968253968253968
2021-02-26,2021-02-27,-0.627,0.3968253968253968
2021-03-05,2021-03-06,-0.632,0.3968253968253968
2021-03-12,2021-03-13,-0.637,0.3968253968253968
2021-03-19,2021-03-20,-0.642,0.3968253968253968
2021-03-26,2021-03-27,-0.649,0.3968253968253968
2021-04-02,2021-04-03,-0.656,0.3968253968253968
2021-04-09,2021-04-10,-0.664,0.3968253968253968
2021-04-16,2021-04-17,-0.671,0.3968253968253968
2021-04-23,2021-04-24,-0.677,0.3968253968253968
2021-04-30,2021-05-01,-0.682,0.3968253968253968
2021-05-07,2021-05-08,-0.687,0.3968253968253968
2021-05-14,2021-05-15,-0.689,0.3968253968253968
2021-05-21,2021-05-22,-0.691,0.3968253968253968
2021-05-28,2021-05-29,-0.693,0.3968253968253968
2021-06-04,2021-06-05,-0.694,0.3968253968253968
2021-06-11,2021-06-12,-0.694,0.7936507936507936
2021-06-18,2021-06-19,-0.691,1.984126984126984
2021-06-25,2021-06-26,-0.686,3.1746031746031744
2021-07-02,2021-07-03,-0.681,3.968253968253968
2021-07-09,2021-07-10,-0.674,4.761904761904762
2021-07-16,2021-07-17,-0.667,5.555555555555555
2021-07-23,2021-07-24,-0.661,6.349206349206349
2021-07-30,2021-07-31,-0.655,7.142857142857142
2021-08-06,2021-08-07,-0.651,7.5396825396825395
2021-08-13,2021-08-14,-0.648,8.333333333333332
2021-08-20,2021-08-21,-0.646,8.73015873015873
2021-08-27,2021-08-28,-0.647,8.73015873015873
2021-09-03,2021-09-04,-0.648,8.73015873015873
2021-09-10,2021-09-11,-0.65,7.936507936507936
2021-09-17,2021-09-18,-0.652,7.5396825396825395
2021-09-24,2021-09-25,-0.654,7.5396825396825395
2021-10-01,2021-10-02,-0.654,7.936507936507936
2021-10-08,2021-10-09,-0.652,8.73015873015873
2021-10-15,2021-10-16,-0.647,11.507936507936508
2021-10-22,2021-10-23,-0.637,13.095238095238097
2021-10-29,2021-10-30,-0.622,15.476190476190476
2021-11-05,2021-11-06,-0.604,25.793650793650798
2021-11-12,2021-11-13,-0.585,36.11111111111111
2021-11-19,2021-11-20,-0.567,49.60317460317461
2021-11-26,2021-11-27,-0.552,59.92063492063492
2021-12-03,2021-12-04,-0.541,64.68253968253968
2021-12-10,2021-12-11,-0.539,65.87301587301587
2021-12-17,2021-12-18,-0.541,65.07936507936508
2021-12-24,2021-12-25,-0.548,62.301587301587304
2021-12-31,2022-01-01,-0.556,57.53968253968254
2022-01-07,2022-01-08,-0.562,53.57142857142857
2022-01-14,2022-01-15,-0.562,53.96825396825397
2022-01-21,2022-01-22,-0.556,58.730158730158735
2022-01-28,2022-01-29,-0.542,66.66666666666666
2022-02-04,2022-02-05,-0.523,74.20634920634922
2022-02-11,2022-02-12,-0.498,84.12698412698413
2022-02-18,2022-02-19,-0.468,88.09523809523809
2022-02-25,2022-02-26,-0.439,90.47619047619048
2022-03-04,2022-03-05,-0.412,92.46031746031747
2022-03-11,2022-03-12,-0.392,92.85714285714286
2022-03-18,2022-03-19,-0.38,93.25396825396825
2022-03-25,2022-03-26,-0.374,93.25396825396825
2022-04-01,2022-04-02,-0.371,93.25396825396825
2022-04-08,2022-04-09,-0.369,93.25396825396825
2022-04-15,2022-04-16,-0.362,93.65079365079364
2022-04-22,2022-04-23,-0.352,93.65079365079364
2022-04-29,2022-04-30,-0.337,94.04761904761905
2022-05-06,2022-05-07,-0.319,94.04761904761905
2022-05-13,2022-05-14,-0.3,94.44444444444444
2022-05-20,2022-05-21,-0.281,94.84126984126983
2022-05-27,2022-05-28,-0.259,95.23809523809523
2022-06-03,2022-06-04,-0.236,95.23809523809523
2022-06-10,2022-06-11,-0.212,95.23809523809523
2022-06-17,2022-06-18,-0.188,95.63492063492063
2022-06-24,2022-06-25,-0.173,95.63492063492063
2022-07-01,2022-07-02,-0.166,95.63492063492063
2022-07-08,2022-07-09,-0.17,95.23809523809523
2022-07-15,2022-07-16,-0.183,94.44444444444444
2022-07-22,2022-07-23,-0.202,93.65079365079364
2022-07-29,2022-07-30,-0.22,92.46031746031747
2022-08-05,2022-08-06,-0.233,92.06349206349206
2022-08-12,2022-08-13,-0.24,91.26984126984127
2022-08-19,2022-08-20,-0.238,91.26984126984127
2022-08-26,2022-08-27,-0.226,92.06349206349206
2022-09-02,2022-09-03,-0.205,93.25396825396825
2022-09-09,2022-09-10,-0.179,94.44444444444444
2022-09-16,2022-09-17,-0.152,95.63492063492063
2022-09-23,2022-09-24,-0.127,96.42857142857143
2022-09-30,2022-10-01,-0.108,96.42857142857143
2022-10-07,2022-10-08,-0.1,96.42857142857143
2022-10-14,2022-10-15,-0.102,96.03174603174604
2022-10-21,2022-10-22,-0.112,95.23809523809523
2022-10-28,2022-10-29,-0.126,94.84126984126983
2022-11-04,2022-11-05,-0.144,93.25396825396825
2022-11-11,2022-11-12,-0.161,92.46031746031747
2022-11-18,2022-11-19,-0.174,90.87301587301587
2022-11-25,2022-11-26,-0.182,90.07936507936508
2022-12-02,2022-12-03,-0.187,89.28571428571429
2022-12-09,2022-12-10,-0.19,88.4920634920635
2022-12-16,2022-12-17,-0.196,88.09523809523809
2022-12-23,2022-12-24,-0.207,86.90476190476191
2022-12-30,2022-12-31,-0.224,85.31746031746032
2023-01-06,2023-01-07,-0.247,82.93650793650794
2023-01-13,2023-01-14,-0.271,81.74603174603175
2023-01-20,2023-01-21,-0.292,80.95238095238095
2023-01-27,2023-01-28,-0.308,79.76190476190477
2023-02-03,2023-02-04,-0.315,79.36507936507937
2023-02-10,2023-02-11,-0.311,79.36507936507937
2023-02-17,2023-02-18,-0.297,80.55555555555556
2023-02-24,2023-02-25,-0.271,81.74603174603175
2023-03-03,2023-03-04,-0.241,82.93650793650794
2023-03-10,2023-03-11,-0.208,86.11111111111111
2023-03-17,2023-03-18,-0.177,90.47619047619048
2023-03-24,2023-03-25,-0.158,92.46031746031747
2023-03-31,2023-04-01,-0.154,92.46031746031747
2023-04-07,2023-04-08,-0.157,92.06349206349206
2023-04-14,2023-04-15,-0.168,90.47619047619048
2023-04-21,2023-04-22,-0.182,88.09523809523809
2023-04-28,2023-04-29,-0.193,85.71428571428571
2023-05-05,2023-05-06,-0.201,84.92063492063492
2023-05-12,2023-05-13,-0.208,82.93650793650794
2023-05-19,2023-05-20,-0.212,82.14285714285714
2023-05-26,2023-05-27,-0.215,81.34920634920636
2023-06-02,2023-06-03,-0.216,80.95238095238095
2023-06-09,2023-06-10,-0.217,80.55555555555556
2023-06-16,2023-06-17,-0.219,80.15873015873017
2023-06-23,2023-06-24,-0.223,79.36507936507937
2023-06-30,2023-07-01,-0.229,78.17460317460318
2023-07-07,2023-07-08,-0.238,76.98412698412699
2023-07-14,2023-07-15,-0.251,75.0
2023-07-21,2023-07-22,-0.266,74.20634920634922
2023-07-28,2023-07-29,-0.282,72.22222222222221
2023-08-04,2023-08-05,-0.299,70.63492063492063
2023-08-11,2023-08-12,-0.315,69.04761904761905
2023-08-18,2023-08-19,-0.327,67.46031746031747
2023-08-25,2023-08-26,-0.336,67.06349206349206
2023-09-01,2023-09-02,-0.341,66.26984126984127
2023-09-08,2023-09-09,-0.341,66.26984126984127
2023-09-15,2023-09-16,-0.336,67.06349206349206
2023-09-22,2023-09-23,-0.327,67.46031746031747
2023-09-29,2023-09-30,-0.315,69.04761904761905
2023-10-06,2023-10-07,-0.304,69.84126984126983
2023-10-13,2023-10-14,-0.294,71.42857142857143
2023-10-20,2023-10-21,-0.288,71.82539682539682
2023-10-27,2023-10-28,-0.287,71.82539682539682
2023-11-03,2023-11-04,-0.292,71.03174603174604
2023-11-10,2023-11-11,-0.301,68.25396825396825
2023-11-17,2023-11-18,-0.311,67.06349206349206
2023-11-24,2023-11-25,-0.322,64.28571428571429
2023-12-01,2023-12-02,-0.333,63.095238095238095
2023-12-08,2023-12-09,-0.342,60.71428571428571
2023-12-15,2023-12-16,-0.35,59.92063492063492
2023-12-22,2023-12-23,-0.359,59.12698412698413
2023-12-29,2023-12-30,-0.368,58.333333333333336
2024-01-05,2024-01-06,-0.376,56.34920634920635
2024-01-12,2024-01-13,-0.384,55.55555555555556
2024-01-19,2024-01-20,-0.391,54.761904761904766
2024-01-26,2024-01-27,-0.397,53.96825396825397
2024-02-02,2024-02-03,-0.404,53.17460317460318
2024-02-09,2024-02-10,-0.411,52.77777777777778
2024-02-16,2024-02-17,-0.419,51.98412698412699
2024-02-23,2024-02-24,-0.427,51.19047619047619
2024-03-01,2024-03-02,-0.434,50.79365079365079
2024-03-08,2024-03-09,-0.437,50.0
2024-03-15,2024-03-16,-0.439,49.60317460317461
2024-03-22,2024-03-23,-0.437,50.0
2024-03-29,2024-03-30,-0.432,50.79365079365079
2024-04-05,2024-04-06,-0.427,51.19047619047619
2024-04-12,2024-04-13,-0.421,51.587301587301596
2024-04-19,2024-04-20,-0.416,51.98412698412699
2024-04-26,2024-04-27,-0.413,51.98412698412699
2024-05-03,2024-05-04,-0.413,51.98412698412699
2024-05-10,2024-05-11,-0.414,51.19047619047619
2024-05-17,2024-05-18,-0.414,51.19047619047619
2024-05-24,2024-05-25,-0.413,51.98412698412699
2024-05-31,2024-06-01,-0.41,52.77777777777778
2024-06-07,2024-06-08,-0.404,53.17460317460318
2024-06-14,2024-06-15,-0.396,53.96825396825397
2024-06-21,2024-06-22,-0.389,54.761904761904766
2024-06-28,2024-06-29,-0.382,55.55555555555556
2024-07-05,2024-07-06,-0.376,56.34920634920635
2024-07-12,2024-07-13,-0.371,57.14285714285714
2024-07-19,2024-07-20,-0.366,58.333333333333336
2024-07-26,2024-07-27,-0.362,58.730158730158735
2024-08-02,2024-08-03,-0.361,58.730158730158735
2024-08-09,2024-08-10,-0.362,58.333333333333336
2024-08-16,2024-08-17,-0.37,55.55555555555556
2024-08-23,2024-08-24,-0.381,52.77777777777778
2024-08-30,2024-08-31,-0.392,50.39682539682539
2024-09-06,2024-09-07,-0.404,48.41269841269841
2024-09-13,2024-09-14,-0.414,44.84126984126984
2024-09-20,2024-09-21,-0.422,42.46031746031746
2024-09-27,2024-09-28,-0.428,40.87301587301587
2024-10-04,2024-10-05,-0.433,40.07936507936508
2024-10-11,2024-10-12,-0.436,38.88888888888889
2024-10-18,2024-10-19,-0.441,36.507936507936506
2024-10-25,2024-10-26,-0.445,36.11111111111111
2024-11-01,2024-11-02,-0.451,35.714285714285715
2024-11-08,2024-11-09,-0.459,35.317460317460316
2024-11-15,2024-11-16,-0.467,34.523809523809526
2024-11-22,2024-11-23,-0.472,33.730158730158735
2024-11-29,2024-11-30,-0.475,33.33333333333333
2024-12-06,2024-12-07,-0.477,32.53968253968254
2024-12-13,2024-12-14,-0.479,32.142857142857146
2024-12-20,2024-12-21,-0.48,32.142857142857146
2024-12-27,2024-12-28,-0.484,32.142857142857146
2025-01-03,2025-01-04,-0.489,32.142857142857146
2025-01-10,2025-01-11,-0.495,30.158730158730158
2025-01-17,2025-01-18,-0.5,28.968253968253972
2025-01-24,2025-01-25,-0.505,28.174603174603174
2025-01-31,2025-02-01,-0.508,26.984126984126984
2025-02-07,2025-02-08,-0.507,27.77777777777778
2025-02-14,2025-02-15,-0.503,29.365079365079367
2025-02-21,2025-02-22,-0.494,32.53968253968254
2025-02-28,2025-03-01,-0.48,36.11111111111111
2025-03-07,2025-03-08,-0.464,39.285714285714285
2025-03-14,2025-03-15,-0.445,41.269841269841265
2025-03-21,2025-03-22,-0.427,46.82539682539682
2025-03-28,2025-03-29,-0.411,52.38095238095239
2025-04-04,2025-04-05,-0.396,55.55555555555556
2025-04-11,2025-04-12,-0.385,57.936507936507944
2025-04-18,2025-04-19,-0.385,58.333333333333336
2025-04-25,2025-04-26,-0.392,56.74603174603175
2025-05-02,2025-05-03,-0.405,53.17460317460318
2025-05-09,2025-05-10,-0.422,47.61904761904761
2025-05-16,2025-05-17,-0.44,42.06349206349206
2025-05-23,2025-05-24,-0.455,40.07936507936508
2025-05-30,2025-05-31,-0.467,38.88888888888889
2025-06-06,2025-06-07,-0.476,36.904761904761905
2025-06-13,2025-06-14,-0.484,34.92063492063492
2025-06-20,2025-06-21,-0.49,33.730158730158735
2025-06-27,2025-06-28,-0.496,30.952380952380953
2025-07-04,2025-07-05,-0.503,28.57142857142857
2025-07-11,2025-07-12,-0.51,26.58730158730159
2025-07-18,2025-07-19,-0.514,26.58730158730159
2025-07-25,2025-07-26,-0.519,26.58730158730159
2025-08-01,2025-08-02,-0.521,26.58730158730159
2025-08-08,2025-08-09,-0.523,26.190476190476193
2025-08-15,2025-08-16,-0.526,25.793650793650798
2025-08-22,2025-08-23,-0.527,25.793650793650798
2025-08-29,2025-08-30,-0.528,25.793650793650798
2025-09-05,2025-09-06,-0.528,26.190476190476193
2025-09-12,2025-09-13,-0.528,26.190476190476193
2025-09-19,2025-09-20,-0.526,26.984126984126984
2025-09-26,2025-09-27,-0.526,26.984126984126984
2025-10-03,2025-10-04,-0.525,26.984126984126984
2025-10-10,2025-10-11,-0.523,27.77777777777778
2025-10-17,2025-10-18,-0.519,28.57142857142857
2025-10-24,2025-10-25,-0.516,28.57142857142857
2025-10-31,2025-11-01,-0.513,28.968253968253972
2025-11-07,2025-11-08,-0.51,29.365079365079367
2025-11-14,2025-11-15,-0.508,29.761904761904763
2025-11-21,2025-11-22,-0.507,30.158730158730158
2025-11-28,2025-11-29,-0.508,29.365079365079367
2025-12-05,2025-12-06,-0.511,27.380952380952383
2025-12-12,2025-12-13,-0.516,26.190476190476193
2025-12-19,2025-12-20,-0.524,23.015873015873016
2025-12-26,2025-12-27,-0.536,19.444444444444446
2026-01-02,2026-01-03,-0.547,17.46031746031746
2026-01-09,2026-01-10,-0.558,15.476190476190476
2026-01-16,2026-01-17,-0.565,14.285714285714285
2026-01-23,2026-01-24,-0.567,13.88888888888889
2026-01-30,2026-01-31,-0.563,14.285714285714285
2026-02-06,2026-02-07,-0.555,16.26984126984127
2026-02-13,2026-02-14,-0.542,17.857142857142858
2026-02-20,2026-02-21,-0.526,22.22222222222222
2026-02-27,2026-02-28,-0.507,30.158730158730158
2026-03-06,2026-03-07,-0.488,34.12698412698413
2026-03-13,2026-03-14,-0.471,37.698412698412696
2026-03-20,2026-03-21,-0.461,39.285714285714285
2026-03-27,2026-03-28,-0.457,39.682539682539684
2026-04-03,2026-04-04,-0.461,38.88888888888889
2026-04-10,2026-04-11,-0.471,36.507936507936506
2026-04-17,2026-04-18,-0.483,32.93650793650794
2026-04-24,2026-04-25,-0.493,30.555555555555557
2026-05-01,2026-05-02,-0.501,28.174603174603174
2026-05-08,2026-05-09,-0.505,26.984126984126984
2026-05-15,2026-05-16,-0.504,26.984126984126984
2026-05-22,2026-05-23,-0.5,28.57142857142857
2026-05-29,2026-05-30,-0.494,30.158730158730158
