date,open,high,low,close,adj_close,volume
2022-12-28,100.02999877929688,100.04000091552734,100.0250015258789,100.02999877929688,99.76154327392578,248500
2022-12-29,100.02999877929688,100.04499816894533,100.02999877929688,100.04499816894533,99.77650451660156,3000
2022-12-30,100.02999877929688,100.0999984741211,100.02999877929688,100.0999984741211,99.83135223388672,2200
2023-01-03,100.12000274658205,100.12000274658205,100.11000061035156,100.11000061035156,99.8413314819336,28200
2023-01-04,100.125,100.12999725341795,100.12000274658205,100.125,99.85628509521484,50600
2023-01-05,100.12999725341795,100.1500015258789,100.12999725341795,100.1500015258789,99.8812255859375,6500
2023-01-06,100.19000244140624,100.19000244140624,100.16000366210938,100.16000366210938,99.89119720458984,600
2023-01-09,100.19000244140624,100.19000244140624,100.16000366210938,100.16000366210938,99.89119720458984,5400
2023-01-10,100.1999969482422,100.1999969482422,100.19499969482422,100.19499969482422,99.92610168457033,100
2023-01-11,100.1999969482422,100.22000122070312,100.1999969482422,100.20999908447266,99.9410629272461,329300
2023-01-12,100.27999877929688,100.27999877929688,100.25,100.27999877929688,100.01087188720705,7200
2023-01-13,100.27999877929688,100.29000091552734,100.27999877929688,100.29000091552734,100.02084350585938,8700
2023-01-17,100.2699966430664,100.29000091552734,100.2699966430664,100.29000091552734,100.02084350585938,2000
2023-01-18,100.33000183105467,100.33000183105467,100.30999755859376,100.30999755859376,100.04078674316406,4400
2023-01-19,100.33000183105467,100.33000183105467,100.31999969482422,100.31999969482422,100.05076599121094,2800
2023-01-20,100.36000061035156,100.36000061035156,100.33499908447266,100.33499908447266,100.06572723388672,2900
2023-01-23,100.37000274658205,100.37000274658205,100.36499786376952,100.36499786376952,100.09564208984376,3500
2023-01-24,100.34500122070312,100.34500122070312,100.34500122070312,100.34500122070312,100.07569885253906,100
2023-01-25,100.38999938964844,100.4000015258789,100.38999938964844,100.4000015258789,100.13055419921876,2400
2023-01-26,100.37999725341795,100.43399810791016,100.3499984741211,100.4000015258789,100.13055419921876,46600
2023-01-27,100.43000030517578,100.43000030517578,100.41999816894533,100.41999816894533,100.15049743652344,2100
2023-01-30,100.5,100.5,100.4499969482422,100.4499969482422,100.18041229248048,600
2023-01-31,100.47000122070312,100.4800033569336,100.4499969482422,100.4499969482422,100.18041229248048,15100
2023-02-01,100.51000213623048,100.51000213623048,100.48999786376952,100.48999786376952,100.22030639648438,4100
2023-02-02,100.52999877929688,100.54000091552734,100.52999877929688,100.53500366210938,100.26519012451172,5000
2023-02-03,100.55999755859376,100.55999755859376,100.53500366210938,100.53500366210938,100.26519012451172,16600
2023-02-06,100.5250015258789,100.5500030517578,100.5250015258789,100.5500030517578,100.2801513671875,1500
2023-02-07,100.5500030517578,100.5500030517578,100.51000213623048,100.53500366210938,100.26519012451172,4300
2023-02-08,100.52999877929688,100.5500030517578,100.5199966430664,100.52999877929688,100.26020050048828,15500
2023-02-09,100.5500030517578,100.5500030517578,100.54499816894533,100.54499816894533,100.27516174316406,4600
2023-02-10,100.5500030517578,100.5500030517578,100.52999877929688,100.54000091552734,100.27017211914062,310900
2023-02-13,100.5199966430664,100.63999938964844,100.5199966430664,100.6230010986328,100.35295104980467,19200
2023-02-14,100.66999816894533,100.66999816894533,100.59200286865234,100.61499786376952,100.344970703125,2100
2023-02-15,100.66000366210938,100.66000366210938,100.61000061035156,100.6449966430664,100.37489318847656,30500
2023-02-16,100.66999816894533,100.69000244140624,100.66999816894533,100.69000244140624,100.4197769165039,300
2023-02-17,100.69000244140624,100.6999969482422,100.69000244140624,100.6999969482422,100.42974090576172,9900
2023-02-21,100.8000030517578,100.8000030517578,100.72000122070312,100.7249984741211,100.45467376708984,7700
2023-02-22,100.73999786376952,100.73999786376952,100.72599792480467,100.73999786376952,100.46963500976562,8800
2023-02-23,100.76000213623048,100.7699966430664,100.75499725341795,100.75499725341795,100.4845962524414,400
2023-02-24,100.75,100.8000030517578,100.75,100.8000030517578,100.52947998046876,1700
2023-02-27,100.8499984741211,100.8499984741211,100.77999877929688,100.79499816894533,100.52449035644533,15400
2023-02-28,100.8000030517578,100.8000030517578,100.77999877929688,100.79000091552734,100.5195083618164,11700
2023-03-01,100.76000213623048,100.79000091552734,100.76000213623048,100.77999877929688,100.50952911376952,2100
2023-03-02,100.76000213623048,100.8000030517578,100.76000213623048,100.8000030517578,100.52947998046876,4700
2023-03-03,100.83000183105467,100.83999633789062,100.81500244140624,100.81500244140624,100.54444122314452,10500
2023-03-06,100.80999755859376,100.86000061035156,100.80999755859376,100.81999969482422,100.54942321777344,166000
2023-03-07,100.8499984741211,100.8499984741211,100.83000183105467,100.83999633789062,100.56936645507812,8500
2023-03-08,100.83000183105467,100.83000183105467,100.7959976196289,100.8000030517578,100.52947998046876,13200
2023-03-09,100.86000061035156,100.86000061035156,100.8550033569336,100.8550033569336,100.58433532714844,3500
2023-03-10,100.87999725341795,100.9000015258789,100.86699676513672,100.86799621582033,100.5972900390625,9900
2023-03-13,100.9000015258789,101.0199966430664,100.9000015258789,100.98999786376952,100.71896362304688,5600
2023-03-14,101.0,101.0,100.93000030517578,100.99400329589844,100.72296142578124,777100
2023-03-15,101.02999877929688,101.02999877929688,101.0189971923828,101.02999877929688,100.75885772705078,8400
2023-03-16,101.04000091552734,101.04000091552734,101.00499725341795,101.0199966430664,100.74888610839844,1400
2023-03-17,101.0500030517578,101.05999755859376,101.04000091552734,101.04499816894533,100.77381896972656,10400
2023-03-20,101.08000183105467,101.08000183105467,101.06999969482422,101.06999969482422,100.79875183105467,7300
2023-03-21,101.08000183105467,101.08999633789062,101.08000183105467,101.08499908447266,100.81371307373048,7300
2023-03-22,101.08000183105467,101.08999633789062,101.08000183105467,101.08999633789062,100.81869506835938,7400
2023-03-23,101.13999938964844,101.13999938964844,101.12999725341795,101.13500213623048,100.86357879638672,5000
2023-03-24,101.16000366210938,101.16000366210938,101.13700103759766,101.15499877929688,100.8835220336914,6800
2023-03-27,101.16000366210938,101.16999816894533,101.16000366210938,101.16999816894533,100.8984832763672,12900
2023-03-28,101.18000030517578,101.1999969482422,101.18000030517578,101.18499755859376,100.91344451904295,18000
2023-03-29,101.18000030517578,101.18000030517578,101.16000366210938,101.16999816894533,100.8984832763672,4500
2023-03-30,101.19499969482422,101.22000122070312,101.19000244140624,101.22000122070312,100.94834899902344,11000
2023-03-31,101.22000122070312,101.22000122070312,101.21600341796876,101.22000122070312,100.94834899902344,6100
2023-04-03,101.37000274658205,101.37000274658205,101.20999908447266,101.2300033569336,100.95832824707033,9000
2023-04-04,101.23999786376952,101.26000213623048,101.23999786376952,101.26000213623048,100.98824310302734,12300
2023-04-05,101.33999633789062,101.33999633789062,101.29000091552734,101.3000030517578,101.02813720703124,9300
2023-04-06,101.30999755859376,101.31999969482422,101.30999755859376,101.30999755859376,101.0381088256836,12700
2023-04-10,101.33999633789062,101.33999633789062,101.30999755859376,101.3249969482422,101.05306243896484,21400
2023-04-11,101.33999633789062,101.34400177001952,101.33000183105467,101.34400177001952,101.072021484375,18600
2023-04-12,101.36000061035156,101.36000061035156,101.3499984741211,101.36000061035156,101.08797454833984,14800
2023-04-13,101.37999725341795,101.37999725341795,101.36000061035156,101.37999725341795,101.10791778564452,15400
2023-04-14,101.4000015258789,101.41000366210938,101.38999938964844,101.40499877929688,101.13285064697266,21600
2023-04-17,101.41999816894533,101.41999816894533,101.40299987792967,101.40499877929688,101.13285064697266,18700
2023-04-18,101.41000366210938,101.41000366210938,101.37000274658205,101.38999938964844,101.11788940429688,13400
2023-04-19,101.41999816894533,101.43000030517578,101.38999938964844,101.41999816894533,101.14781188964844,9300
2023-04-20,101.4499969482422,101.45999908447266,101.42400360107422,101.45999908447266,101.18770599365234,86100
2023-04-21,101.4800033569336,101.5,101.47000122070312,101.4800033569336,101.20765686035156,95700
2023-04-24,101.49199676513672,101.5,101.48999786376952,101.5,101.22760009765624,27400
2023-04-25,101.51000213623048,101.5199966430664,101.49700164794922,101.5199966430664,101.24754333496094,74100
2023-04-26,101.5199966430664,101.5500030517578,101.5199966430664,101.5500030517578,101.2774658203125,94100
2023-04-27,101.5500030517578,101.55999755859376,101.5500030517578,101.55500030517578,101.2824478149414,13600
2023-04-28,101.55999755859376,101.56999969482422,101.55999755859376,101.56999969482422,101.2974090576172,29700
2023-05-01,101.58499908447266,101.59200286865234,101.58000183105467,101.58499908447266,101.31237030029295,28000
2023-05-02,101.5999984741211,101.62000274658205,101.58999633789062,101.61000061035156,101.3373031616211,31000
2023-05-03,101.62000274658205,101.62000274658205,101.60199737548828,101.61499786376952,101.34228515625,7400
2023-05-04,101.61199951171876,101.63999938964844,101.5999984741211,101.62999725341795,101.35724639892578,16900
2023-05-05,101.66000366210938,101.66999816894533,101.62000274658205,101.65499877929688,101.3821792602539,22200
2023-05-08,101.61000061035156,101.68000030517578,101.61000061035156,101.66999816894533,101.39714050292967,9800
2023-05-09,101.66999816894533,101.69000244140624,101.66899871826172,101.69000244140624,101.4170913696289,18500
2023-05-10,101.69100189208984,101.70999908447266,101.68000030517578,101.70999908447266,101.4370346069336,7200
2023-05-11,101.74099731445312,101.76000213623048,101.6999969482422,101.76000213623048,101.48690032958984,12100
2023-05-12,101.7699966430664,101.7699966430664,101.6999969482422,101.7699966430664,101.4968719482422,12800
2023-05-15,101.7300033569336,101.77999877929688,101.7300033569336,101.77999877929688,101.50684356689452,21800
2023-05-16,101.7300033569336,101.77999877929688,101.7300033569336,101.7750015258789,101.50186157226562,12700
2023-05-17,101.8000030517578,101.8000030517578,101.78199768066406,101.79100036621094,101.51781463623048,26700
2023-05-18,101.80999755859376,101.81999969482422,101.80500030517578,101.81999969482422,101.54673767089844,16100
2023-05-19,101.80699920654295,101.8219985961914,101.7750015258789,101.78500366210938,101.5118408203125,19400
2023-05-22,101.83999633789062,101.83999633789062,101.78700256347656,101.83499908447266,101.56169891357422,16600
2023-05-23,101.8499984741211,101.8499984741211,101.79000091552734,101.83499908447266,101.56169891357422,22200
2023-05-24,101.87000274658205,101.87000274658205,101.84200286865234,101.87000274658205,101.59661102294922,7500
2023-05-25,101.88999938964844,101.90499877929688,101.87999725341795,101.8949966430664,101.6215362548828,11500
2023-05-26,101.93000030517578,101.93000030517578,101.86100006103516,101.88999938964844,101.6165542602539,27700
2023-05-30,101.94000244140624,101.94000244140624,101.86599731445312,101.90499877929688,101.63150787353516,20600
2023-05-31,101.94000244140624,101.9499969482422,101.9000015258789,101.94000244140624,101.66641998291016,19300
2023-06-01,101.98999786376952,101.98999786376952,101.89800262451172,101.9749984741211,101.70132446289062,14800
2023-06-02,101.94000244140624,102.01000213623048,101.94000244140624,102.01000213623048,101.7362289428711,29300
2023-06-05,102.01000213623048,103.2300033569336,101.97000122070312,102.00499725341795,101.73123931884766,10800
2023-06-06,102.0,102.02999877929688,102.0,102.0250015258789,101.75119018554688,15600
2023-06-07,102.02999877929688,102.04000091552734,102.0199966430664,102.04000091552734,101.76615142822266,16600
2023-06-08,102.0999984741211,102.0999984741211,102.0500030517578,102.0999984741211,101.82598876953124,32500
2023-06-09,102.0999984741211,102.0999984741211,102.02999877929688,102.08999633789062,101.81600952148438,36100
2023-06-12,102.10099792480467,102.12000274658205,102.09500122070312,102.12000274658205,101.84593963623048,14600
2023-06-13,102.11499786376952,102.12000274658205,102.0999984741211,102.11000061035156,101.8359603881836,31900
2023-06-14,102.11499786376952,102.11499786376952,102.0999984741211,102.11000061035156,101.8359603881836,33600
2023-06-15,102.1269989013672,102.1500015258789,102.11000061035156,102.11000061035156,101.8359603881836,57700
2023-06-16,102.1500015258789,102.20999908447266,102.1500015258789,102.1999969482422,101.92572021484376,27900
2023-06-20,102.20600128173828,102.2300033569336,102.1500015258789,102.21499633789062,101.940673828125,240700
2023-06-21,102.23999786376952,102.23999786376952,102.22100067138672,102.23500061035156,101.96062469482422,23600
2023-06-22,102.2300033569336,102.2699966430664,102.2300033569336,102.2699966430664,101.99552917480467,6900
2023-06-23,102.3000030517578,102.3000030517578,102.23999786376952,102.26000213623048,101.98555755615234,11200
2023-06-26,102.26300048828124,102.2699966430664,102.2300033569336,102.25499725341795,101.9805679321289,11500
2023-06-27,102.2699966430664,102.29000091552734,102.26000213623048,102.29000091552734,102.0154800415039,16600
2023-06-28,102.29000091552734,102.31999969482422,102.2699966430664,102.30999755859376,102.0354232788086,6600
2023-06-29,102.31999969482422,102.3499984741211,102.31999969482422,102.33999633789062,102.06533813476562,12000
2023-06-30,102.37999725341795,102.37999725341795,102.33999633789062,102.36499786376952,102.09027862548828,10300
2023-07-03,102.375,102.38999938964844,102.37000274658205,102.37999725341795,102.10523223876952,13100
2023-07-05,102.4000015258789,102.43000030517578,102.4000015258789,102.43000030517578,102.15510559082033,34700
2023-07-06,102.44499969482422,102.47000122070312,102.43099975585938,102.44499969482422,102.17005920410156,5300
2023-07-07,102.45999908447266,102.48999786376952,102.45700073242188,102.4800033569336,102.20497131347656,4300
2023-07-10,102.51000213623048,102.51000213623048,102.4800033569336,102.5,102.22491455078124,12700
2023-07-11,102.5199966430664,102.5199966430664,102.50700378417967,102.5199966430664,102.24485778808594,7600
2023-07-12,102.5,102.52999877929688,102.47000122070312,102.5199966430664,102.24485778808594,34100
2023-07-13,102.55999755859376,102.58999633789062,102.55599975585938,102.55999755859376,102.28475189208984,12000
2023-07-14,102.54000091552734,102.5999984741211,102.54000091552734,102.58300018310548,102.30769348144533,16800
2023-07-17,102.5999984741211,102.5999984741211,102.56999969482422,102.5999984741211,102.32464599609376,36700
2023-07-18,102.61000061035156,102.61000061035156,102.56999969482422,102.5999984741211,102.32464599609376,103500
2023-07-19,102.5999984741211,102.61000061035156,102.55999755859376,102.58499908447266,102.30968475341795,63300
2023-07-20,102.62000274658205,102.66500091552734,102.6060028076172,102.61000061035156,102.3346176147461,51500
2023-07-21,102.61000061035156,102.63999938964844,102.61000061035156,102.61000061035156,102.3346176147461,38800
2023-07-24,102.62000274658205,102.66999816894533,102.62000274658205,102.66500091552734,102.38947296142578,21400
2023-07-25,102.69000244140624,102.69000244140624,102.66999816894533,102.68000030517578,102.40443420410156,33700
2023-07-26,102.68199920654295,102.6999969482422,102.66999816894533,102.69000244140624,102.4144058227539,26500
2023-07-27,102.69000244140624,102.73999786376952,102.69000244140624,102.72100067138672,102.44532012939452,27700
2023-07-28,102.75,102.75,102.72000122070312,102.75,102.4742431640625,59000
2023-07-31,102.75,102.75,102.72000122070312,102.73500061035156,102.45928192138672,19000
2023-08-01,102.75499725341795,102.7699966430664,102.73999786376952,102.75,102.4742431640625,13000
2023-08-02,102.77999877929688,102.79000091552734,102.77400207519533,102.78900146484376,102.5131378173828,24000
2023-08-03,102.83999633789062,102.83999633789062,102.79000091552734,102.83000183105467,102.55403137207033,35600
2023-08-04,102.8499984741211,102.86000061035156,102.83999633789062,102.8499984741211,102.573974609375,21400
2023-08-07,102.87000274658205,102.87000274658205,102.8000030517578,102.81800079345705,102.54206085205078,24100
2023-08-08,102.86000061035156,102.87999725341795,102.8499984741211,102.8499984741211,102.573974609375,31500
2023-08-09,102.88999938964844,102.9000015258789,102.87000274658205,102.9000015258789,102.62384033203124,215900
2023-08-10,102.87999725341795,102.94000244140624,102.87000274658205,102.91999816894533,102.64378356933594,65900
2023-08-11,102.91999816894533,102.93000030517578,102.9000015258789,102.93000030517578,102.6537628173828,31300
2023-08-14,102.95999908447266,102.97000122070312,102.9499969482422,102.96499633789062,102.68865966796876,41500
2023-08-15,102.98999786376952,102.98999786376952,102.95999908447266,102.97000122070312,102.69365692138672,14200
2023-08-16,102.98200225830078,103.01000213623048,102.9800033569336,103.01000213623048,102.73355102539062,24600
2023-08-17,103.00499725341795,103.0500030517578,102.98999786376952,103.04000091552734,102.76346588134766,21100
2023-08-18,103.0500030517578,103.06999969482422,103.04100036621094,103.06999969482422,102.79338836669922,62800
2023-08-21,103.08999633789062,103.08999633789062,103.04000091552734,103.06600189208984,102.78939819335938,42000
2023-08-22,103.0999984741211,103.10299682617188,103.08000183105467,103.09500122070312,102.81832122802734,60400
2023-08-23,103.06999969482422,103.12000274658205,103.06999969482422,103.09500122070312,102.81832122802734,18200
2023-08-24,103.0999984741211,103.16000366210938,103.0999984741211,103.16000366210938,102.88314819335938,21900
2023-08-25,103.16000366210938,103.16999816894533,103.16000366210938,103.16500091552734,102.88813018798828,38900
2023-08-28,103.1999969482422,103.1999969482422,103.16000366210938,103.16999816894533,102.8931121826172,53400
2023-08-29,103.19000244140624,103.19000244140624,103.12999725341795,103.16999816894533,102.8931121826172,28400
2023-08-30,103.13999938964844,103.1999969482422,103.13999938964844,103.1999969482422,102.92303466796876,28400
2023-08-31,103.25,103.25800323486328,103.1999969482422,103.20999908447266,102.9330062866211,84200
2023-09-01,103.25,103.27200317382812,103.2300033569336,103.25,102.972900390625,33900
2023-09-05,103.3040008544922,103.30999755859376,103.27999877929688,103.30999755859376,103.0327377319336,69200
2023-09-06,103.29000091552734,103.32599639892578,103.2699966430664,103.31999969482422,103.04271697998048,14600
2023-09-07,103.33999633789062,103.36000061035156,103.3000030517578,103.3550033569336,103.07762145996094,80100
2023-09-08,103.32599639892578,103.36000061035156,103.32599639892578,103.3499984741211,103.0726318359375,63800
2023-09-11,103.36000061035156,103.37000274658205,103.31999969482422,103.36399841308594,103.08659362792967,18100
2023-09-12,103.38999938964844,103.38999938964844,103.33999633789062,103.375,103.09756469726562,11700
2023-09-13,103.4000015258789,103.4000015258789,103.37000274658205,103.38999938964844,103.1125259399414,96500
2023-09-14,103.4499969482422,103.45999908447266,103.41999816894533,103.44000244140624,103.16239166259766,134500
2023-09-15,103.43499755859376,103.47000122070312,103.43499755859376,103.46499633789062,103.18732452392578,145600
2023-09-18,103.44000244140624,103.48999786376952,103.44000244140624,103.45500183105467,103.17735290527344,134100
2023-09-19,103.45999908447266,103.48999786376952,103.43499755859376,103.48999786376952,103.2122573852539,57800
2023-09-20,103.5,103.50299835205078,103.4800033569336,103.49500274658205,103.21724700927734,71900
2023-09-21,103.5500030517578,103.5500030517578,103.5,103.52999877929688,103.2521514892578,20800
2023-09-22,103.5999984741211,103.5999984741211,103.41000366210938,103.41000366210938,103.13247680664062,56300
2023-09-25,103.5749969482422,103.58000183105467,103.5500030517578,103.5500030517578,103.27210235595705,19600
2023-09-26,103.59300231933594,103.5999984741211,103.55999755859376,103.5999984741211,103.32196044921876,44500
2023-09-27,103.62000274658205,103.62000274658205,103.58000183105467,103.6050033569336,103.3269500732422,19300
2023-09-28,103.6500015258789,103.66000366210938,103.61000061035156,103.63999938964844,103.36185455322266,11600
2023-09-29,103.62000274658205,103.68000030517578,103.62000274658205,103.68000030517578,103.40174865722656,47100
2023-10-02,103.69000244140624,103.69000244140624,103.66500091552734,103.66999816894533,103.39176940917967,54900
2023-10-03,103.6999969482422,103.72000122070312,103.68000030517578,103.72000122070312,103.44164276123048,138000
2023-10-04,103.72000122070312,103.76000213623048,103.69000244140624,103.75,103.4715576171875,202000
2023-10-05,103.8000030517578,103.8000030517578,103.73999786376952,103.7750015258789,103.49649810791016,117100
2023-10-06,103.83000183105467,103.83999633789062,103.73999786376952,103.83999633789062,103.56131744384766,66100
2023-10-09,103.83000183105467,103.83000183105467,103.7699966430664,103.80999755859376,103.5313949584961,59300
2023-10-10,103.8000030517578,103.8499984741211,103.77999877929688,103.83999633789062,103.56131744384766,59200
2023-10-11,103.83999633789062,103.8499984741211,103.8239974975586,103.8499984741211,103.5712890625,17800
2023-10-12,103.87999725341795,103.87999725341795,103.86000061035156,103.875,103.59622192382812,18200
2023-10-13,103.88999938964844,103.9000015258789,103.88099670410156,103.88999938964844,103.6111831665039,27100
2023-10-16,103.9000015258789,103.91000366210938,103.88999938964844,103.8949966430664,103.6161651611328,67600
2023-10-17,103.94000244140624,103.9499969482422,103.9000015258789,103.9499969482422,103.6710205078125,38900
2023-10-18,103.95999908447266,103.95999908447266,103.93000030517578,103.94499969482422,103.6660385131836,120900
2023-10-19,103.97000122070312,103.98799896240234,103.9499969482422,103.96499633789062,103.68598175048828,65400
2023-10-20,103.9499969482422,103.99500274658205,103.9499969482422,103.97200012207033,103.69296264648438,39000
2023-10-23,104.05999755859376,104.05999755859376,103.98999786376952,104.01499938964844,103.73584747314452,59300
2023-10-24,104.0,104.0500030517578,104.0,104.0500030517578,103.77075958251952,31500
2023-10-25,104.06999969482422,104.08000183105467,104.06400299072266,104.06999969482422,103.79070281982422,28300
2023-10-26,104.05999755859376,104.13999938964844,104.05999755859376,104.13999938964844,103.86051177978516,149800
2023-10-27,104.13999938964844,104.13999938964844,104.1269989013672,104.13999938964844,103.86051177978516,50200
2023-10-30,104.16000366210938,104.1750030517578,104.12000274658205,104.16999816894533,103.89043426513672,87100
2023-10-31,104.16000366210938,104.18000030517578,104.1500015258789,104.16999816894533,103.89043426513672,127100
2023-11-01,104.1989974975586,104.1999969482422,104.16999816894533,104.19000244140624,103.91038513183594,88500
2023-11-02,104.23999786376952,104.23999786376952,104.19000244140624,104.23999786376952,103.96024322509766,55200
2023-11-03,104.2699966430664,104.27999877929688,104.25,104.27999877929688,104.00013732910156,47500
2023-11-06,104.29000091552734,104.29000091552734,104.26000213623048,104.26000213623048,103.98019409179688,77800
2023-11-07,104.25,104.28500366210938,104.25,104.2750015258789,103.99515533447266,75000
2023-11-08,104.30999755859376,104.30999755859376,104.2699966430664,104.2750015258789,103.99515533447266,83100
2023-11-09,104.33999633789062,104.33999633789062,104.2699966430664,104.30999755859376,104.0300521850586,43800
2023-11-10,104.3499984741211,104.36000061035156,104.33000183105467,104.3499984741211,104.0699462890625,57800
2023-11-13,104.33999633789062,104.37000274658205,104.33000183105467,104.33000183105467,104.0500030517578,30700
2023-11-14,104.3499984741211,104.3499984741211,104.31999969482422,104.3249969482422,104.04501342773438,30200
2023-11-15,104.33000183105467,104.38999938964844,104.33000183105467,104.37999725341795,104.09986877441406,115600
2023-11-16,104.4499969482422,104.4499969482422,104.38999938964844,104.43000030517578,104.14973449707033,57200
2023-11-17,104.43499755859376,104.45999908447266,104.43499755859376,104.44499969482422,104.1646957397461,40200
2023-11-20,104.4800033569336,104.4800033569336,104.4499969482422,104.4499969482422,104.169677734375,44300
2023-11-21,104.41999816894533,104.4749984741211,104.41999816894533,104.47000122070312,104.18962860107422,73900
2023-11-22,104.43000030517578,104.54000091552734,104.43000030517578,104.53500366210938,104.25445556640624,60000
2023-11-24,104.54000091552734,104.56999969482422,104.54000091552734,104.5500030517578,104.26941680908205,47800
2023-11-27,104.58000183105467,104.58999633789062,104.58000183105467,104.58000183105467,104.29933166503906,42500
2023-11-28,104.58000183105467,104.5999984741211,104.58000183105467,104.5999984741211,104.31927490234376,57700
2023-11-29,104.58999633789062,104.62000274658205,104.58999633789062,104.6050033569336,104.32427215576172,78400
2023-11-30,104.63999938964844,104.63999938964844,104.55999755859376,104.61000061035156,104.32925415039062,96700
2023-12-01,104.5999984741211,104.68000030517578,104.58999633789062,104.68000030517578,104.39906311035156,220500
2023-12-04,104.61000061035156,104.68000030517578,104.5999984741211,104.68000030517578,104.39906311035156,125500
2023-12-05,104.69000244140624,104.69000244140624,104.62999725341795,104.6500015258789,104.36914825439452,84600
2023-12-06,104.62999725341795,104.6999969482422,104.62999725341795,104.6999969482422,104.41900634765624,28400
2023-12-07,104.6999969482422,104.7699966430664,104.69000244140624,104.74500274658205,104.4638900756836,55700
2023-12-08,104.76000213623048,104.7699966430664,104.75,104.7699966430664,104.48882293701172,36400
2023-12-11,104.75,104.7699966430664,104.70999908447266,104.76000213623048,104.47885131835938,58800
2023-12-12,104.79000091552734,104.8000030517578,104.75,104.8000030517578,104.51874542236328,101000
2023-12-13,104.7699966430664,104.8000030517578,104.76000213623048,104.7699966430664,104.48882293701172,62900
2023-12-14,104.76000213623048,104.80999755859376,104.76000213623048,104.80999755859376,104.5287094116211,66900
2023-12-15,104.87000274658205,104.87000274658205,104.81999969482422,104.84500122070312,104.5636215209961,73900
2023-12-18,104.80999755859376,104.87999725341795,104.80999755859376,104.8499984741211,104.568603515625,78900
2023-12-19,104.87000274658205,104.9000015258789,104.8249969482422,104.86000061035156,104.57858276367188,126700
2023-12-20,104.9000015258789,104.9000015258789,104.83000183105467,104.87000274658205,104.58855438232422,144600
2023-12-21,104.8499984741211,104.89700317382812,104.8499984741211,104.89700317382812,104.61548614501952,149300
2023-12-22,104.91699981689452,104.9800033569336,104.9000015258789,104.96499633789062,104.68329620361328,112800
2023-12-26,105.0,105.0,104.91000366210938,104.95999908447266,104.67831420898438,77800
2023-12-27,104.91999816894533,104.98999786376952,104.91999816894533,104.98999786376952,104.7082290649414,103100
2023-12-28,105.02999877929688,105.0500030517578,105.0,105.0500030517578,104.76807403564452,71200
2023-12-29,105.0500030517578,105.1500015258789,105.04000091552734,105.1500015258789,104.86780548095705,72000
2024-01-02,105.05999755859376,105.12000274658205,105.052001953125,105.11000061035156,104.82791137695312,170400
2024-01-03,105.13999938964844,105.16000366210938,105.12999725341795,105.1500015258789,104.86780548095705,284300
2024-01-04,105.22000122070312,105.2300033569336,105.16999816894533,105.2300033569336,104.94759368896484,144700
2024-01-05,105.22000122070312,105.2300033569336,105.1999969482422,105.2249984741211,104.94259643554688,398900
2024-01-08,105.23999786376952,105.23999786376952,105.1999969482422,105.1999969482422,104.91766357421876,300600
2024-01-09,105.23999786376952,105.26000213623048,105.22000122070312,105.25,104.96753692626952,194300
2024-01-10,105.25,105.25900268554688,105.22000122070312,105.23999786376952,104.95755767822266,175300
2024-01-11,105.23999786376952,105.3000030517578,105.23999786376952,105.2699966430664,104.98748016357422,151300
2024-01-12,105.2699966430664,105.33000183105467,105.2699966430664,105.31999969482422,105.03734588623048,128400
2024-01-16,105.3499984741211,105.37000274658205,105.31999969482422,105.36000061035156,105.07723999023438,223200
2024-01-17,105.37999725341795,105.38999938964844,105.37999725341795,105.38500213623048,105.1021728515625,176700
2024-01-18,105.38999938964844,105.41999816894533,105.38999938964844,105.41000366210938,105.12710571289062,117700
2024-01-19,105.4499969482422,105.4499969482422,105.43000030517578,105.44000244140624,105.1570281982422,147600
2024-01-22,105.45999908447266,105.45999908447266,105.4250030517578,105.43000030517578,105.14704895019533,187500
2024-01-23,105.47000122070312,105.47000122070312,105.43099975585938,105.44000244140624,105.1570281982422,142000
2024-01-24,105.43000030517578,105.4800033569336,105.43000030517578,105.47000122070312,105.18694305419922,130900
2024-01-25,105.48999786376952,105.52999877929688,105.4800033569336,105.5199966430664,105.23680877685548,151500
2024-01-26,105.5500030517578,105.5500030517578,105.49500274658205,105.5,105.21686553955078,105800
2024-01-29,105.5500030517578,105.5500030517578,105.5199966430664,105.52999877929688,105.2467803955078,125400
2024-01-30,105.56999969482422,105.56999969482422,105.5,105.55999755859376,105.27670288085938,232800
2024-01-31,105.56999969482422,105.59500122070312,105.5199966430664,105.5199966430664,105.23680877685548,360300
2024-02-01,105.61000061035156,105.61000061035156,105.58000183105467,105.61000061035156,105.32656860351562,144500
2024-02-02,105.58999633789062,105.66000366210938,105.58999633789062,105.63999938964844,105.35648345947266,280600
2024-02-05,105.66000366210938,105.6750030517578,105.63999938964844,105.63999938964844,105.35648345947266,123100
2024-02-06,105.6500015258789,105.66999816894533,105.63999938964844,105.66500091552734,105.38142395019533,173700
2024-02-07,105.62999725341795,105.66999816894533,105.62999725341795,105.62999725341795,105.34651184082033,154600
2024-02-08,105.68000030517578,105.68000030517578,105.6500015258789,105.66999816894533,105.38640594482422,155100
2024-02-09,105.69000244140624,105.72000122070312,105.68000030517578,105.70999908447266,105.42630004882812,120400
2024-02-12,105.7300033569336,105.73999786376952,105.69000244140624,105.69000244140624,105.40635681152344,218200
2024-02-13,105.76000213623048,105.76000213623048,105.6999969482422,105.75,105.46619415283205,145500
2024-02-14,105.7699966430664,105.7699966430664,105.7300033569336,105.76000213623048,105.47616577148438,175900
2024-02-15,105.79000091552734,105.83499908447266,105.79000091552734,105.83000183105467,105.54598236083984,144300
2024-02-16,105.83999633789062,105.87999725341795,105.81999969482422,105.81999969482422,105.53600311279295,571800
2024-02-20,105.8499984741211,105.88999938964844,105.83699798583984,105.87000274658205,105.58587646484376,251100
2024-02-21,105.91999816894533,105.91999816894533,105.88999938964844,105.88999938964844,105.60581970214844,243800
2024-02-22,105.95999908447266,105.95999908447266,105.9280014038086,105.95999908447266,105.67562866210938,745200
2024-02-23,106.0199966430664,106.0199966430664,105.9499969482422,105.95999908447266,105.67562866210938,1108800
2024-02-26,106.0,106.0,105.95999908447266,105.97000122070312,105.68560028076172,810800
2024-02-27,106.01000213623048,106.01000213623048,105.9800033569336,105.98999786376952,105.7055435180664,677000
2024-02-28,106.01000213623048,106.01000213623048,106.0,106.0,105.71552276611328,489000
2024-02-29,106.02999877929688,106.0500030517578,106.0199966430664,106.0500030517578,105.76538848876952,856600
2024-03-01,106.06999969482422,106.08000183105467,106.0500030517578,106.05500030517578,105.77037048339844,873200
2024-03-04,106.0999984741211,106.0999984741211,106.0500030517578,106.05999755859376,105.77536010742188,931800
2024-03-05,106.0999984741211,106.0999984741211,106.08000183105467,106.08000183105467,105.7953109741211,500500
2024-03-06,106.0999984741211,106.11000061035156,106.08999633789062,106.0999984741211,105.81525421142578,423400
2024-03-07,106.16000366210938,106.16000366210938,106.0999984741211,106.11499786376952,105.83020782470705,1416500
2024-03-08,106.16999816894533,106.16999816894533,106.12999725341795,106.13500213623048,105.85015869140624,486800
2024-03-11,106.16999816894533,106.16999816894533,106.1500015258789,106.15499877929688,105.87010192871094,344300
2024-03-12,106.16000366210938,106.16999816894533,106.1500015258789,106.16000366210938,105.8750991821289,359200
2024-03-13,106.1500015258789,106.16000366210938,106.13999938964844,106.15499877929688,105.87010192871094,502900
2024-03-14,106.19000244140624,106.22000122070312,106.19000244140624,106.22000122070312,105.93492889404295,606200
2024-03-15,106.25,106.25,106.2300033569336,106.2300033569336,105.94490814208984,381800
2024-03-18,106.26000213623048,106.26000213623048,106.25,106.25499725341795,105.96983337402344,330500
2024-03-19,106.26000213623048,106.27999877929688,106.26000213623048,106.2750015258789,105.98978424072266,361600
2024-03-20,106.27999877929688,106.29000091552734,106.2699966430664,106.2699966430664,105.98479461669922,802400
2024-03-21,106.31500244140624,106.36000061035156,106.27999877929688,106.33000183105467,106.04463958740234,658700
2024-03-22,106.37000274658205,106.37000274658205,106.31999969482422,106.31999969482422,106.03466033935548,389800
2024-03-25,106.3499984741211,106.36000061035156,106.30999755859376,106.30999755859376,106.02468872070312,661300
2024-03-26,106.37000274658205,106.41000366210938,106.36499786376952,106.41000366210938,106.12442779541016,239300
2024-03-27,106.41999816894533,106.4499969482422,106.41000366210938,106.44000244140624,106.1543426513672,312700
2024-03-28,106.48999786376952,106.48999786376952,106.44000244140624,106.45999908447266,106.17428588867188,487700
2024-04-01,106.45999908447266,106.5199966430664,106.4499969482422,106.5199966430664,106.23412322998048,883300
2024-04-02,106.5,106.5199966430664,106.48999786376952,106.51000213623048,106.22415161132812,360200
2024-04-03,106.52999877929688,106.52999877929688,106.5,106.51000213623048,106.22415161132812,618100
2024-04-04,106.5250015258789,106.55999755859376,106.5199966430664,106.55999755859376,106.27401733398438,641000
2024-04-05,106.56999969482422,106.56999969482422,106.52999877929688,106.52999877929688,106.2440948486328,336200
2024-04-08,106.56999969482422,106.58000183105467,106.5500030517578,106.56999969482422,106.28398895263672,487000
2024-04-09,106.58499908447266,106.58499908447266,106.56999969482422,106.58000183105467,106.2939682006836,261500
2024-04-10,106.58999633789062,106.5999984741211,106.56999969482422,106.58000183105467,106.2939682006836,443500
2024-04-11,106.5999984741211,106.62000274658205,106.5999984741211,106.61000061035156,106.32388305664062,391000
2024-04-12,106.6500015258789,106.66999816894533,106.62999725341795,106.66999816894533,106.38372039794922,510000
2024-04-15,106.6999969482422,106.6999969482422,106.66000366210938,106.66000366210938,106.3737564086914,513400
2024-04-16,106.69000244140624,106.69000244140624,106.6500015258789,106.68000030517578,106.3936996459961,618800
2024-04-17,106.6999969482422,106.7249984741211,106.69000244140624,106.72000122070312,106.43359375,556300
2024-04-18,106.73999786376952,106.76000213623048,106.73999786376952,106.73999786376952,106.45353698730467,238200
2024-04-19,106.76000213623048,106.7699966430664,106.73999786376952,106.7699966430664,106.48345184326172,518100
2024-04-22,106.8000030517578,106.83999633789062,106.76000213623048,106.77999877929688,106.49342346191406,794500
2024-04-23,106.80999755859376,106.80999755859376,106.77999877929688,106.77999877929688,106.49342346191406,259600
2024-04-24,106.80999755859376,106.80999755859376,106.8000030517578,106.80699920654295,106.52035522460938,223200
2024-04-25,106.83000183105467,106.8499984741211,106.80999755859376,106.8499984741211,106.56324005126952,340600
2024-04-26,106.8499984741211,106.87999725341795,106.8499984741211,106.87999725341795,106.59315490722656,681400
2024-04-29,106.9000015258789,106.9000015258789,106.87000274658205,106.87999725341795,106.59315490722656,881800
2024-04-30,106.9000015258789,106.9000015258789,106.88999938964844,106.9000015258789,106.61310577392578,644900
2024-05-01,106.94000244140624,106.94000244140624,106.9000015258789,106.91500091552734,106.62806701660156,441200
2024-05-02,106.9499969482422,106.9800033569336,106.93000030517578,106.96499633789062,106.67792510986328,812200
2024-05-03,106.9800033569336,106.98999786376952,106.97000122070312,106.98999786376952,106.70286560058594,437800
2024-05-06,107.01000213623048,107.01499938964844,106.97000122070312,107.01000213623048,106.72281646728516,517000
2024-05-07,107.02999877929688,107.02999877929688,107.0,107.0,106.71283721923828,731200
2024-05-08,107.04000091552734,107.04000091552734,107.01499938964844,107.02999877929688,106.74275970458984,365700
2024-05-09,107.0999984741211,107.0999984741211,107.04000091552734,107.08000183105467,106.7926254272461,667400
2024-05-10,107.08000183105467,107.12000274658205,107.06999969482422,107.12000274658205,106.83251953125,713600
2024-05-13,107.12999725341795,107.13999938964844,107.11000061035156,107.12999725341795,106.8424835205078,868200
2024-05-14,107.1500015258789,107.1500015258789,107.12000274658205,107.12999725341795,106.8424835205078,373400
2024-05-15,107.1500015258789,107.1500015258789,107.11000061035156,107.12000274658205,106.83251953125,662300
2024-05-16,107.16999816894533,107.1999969482422,107.16000366210938,107.1999969482422,106.91230010986328,865900
2024-05-17,107.22000122070312,107.22000122070312,107.19000244140624,107.20999908447266,106.92227172851562,394900
2024-05-20,107.20999908447266,107.2300033569336,107.20500183105467,107.21499633789062,106.92725372314452,348800
2024-05-21,107.23999786376952,107.23999786376952,107.20999908447266,107.2300033569336,106.94222259521484,301500
2024-05-22,107.25,107.25,107.2300033569336,107.23999786376952,106.9521942138672,630900
2024-05-23,107.29000091552734,107.3000030517578,107.26000213623048,107.29000091552734,107.00205993652344,232100
2024-05-24,107.33000183105467,107.33000183105467,107.29000091552734,107.3249969482422,107.0369644165039,412700
2024-05-28,107.3499984741211,107.3499984741211,107.3000030517578,107.31999969482422,107.031982421875,605700
2024-05-29,107.31999969482422,107.33999633789062,107.30999755859376,107.3249969482422,107.0369644165039,604800
2024-05-30,107.33000183105467,107.33999633789062,107.33000183105467,107.33000183105467,107.04195404052734,325200
2024-05-31,107.36000061035156,107.38999938964844,107.36000061035156,107.37999725341795,107.09181213378906,525800
2024-06-03,107.38999938964844,107.4000015258789,107.37000274658205,107.38999938964844,107.10179138183594,786900
2024-06-04,107.41000366210938,107.41999816894533,107.38800048828124,107.41000366210938,107.12174224853516,498400
2024-06-05,107.44000244140624,107.44000244140624,107.41000366210938,107.43000030517578,107.14168548583984,440800
2024-06-06,107.44000244140624,107.45999908447266,107.43000030517578,107.45500183105467,107.16661834716795,981200
2024-06-07,107.45999908447266,107.5,107.4499969482422,107.47000122070312,107.18157958984376,603800
2024-06-10,107.47000122070312,107.5199966430664,107.47000122070312,107.47000122070312,107.18157958984376,895000
2024-06-11,107.51000213623048,107.5199966430664,107.4800033569336,107.4800033569336,107.1915512084961,396700
2024-06-12,107.51000213623048,107.52999877929688,107.5,107.5,107.21149444580078,419600
2024-06-13,107.52999877929688,107.54000091552734,107.52999877929688,107.52999877929688,107.24141693115234,456600
2024-06-14,107.56999969482422,107.5999984741211,107.56600189208984,107.58999633789062,107.30125427246094,459500
2024-06-17,107.58999633789062,107.61000061035156,107.58499908447266,107.5999984741211,107.31122589111328,392200
2024-06-18,107.66000366210938,107.68000030517578,107.62000274658205,107.66000366210938,107.3710708618164,822200
2024-06-20,107.69000244140624,107.69000244140624,107.6500015258789,107.6500015258789,107.36109161376952,583400
2024-06-21,107.7300033569336,107.7300033569336,107.69000244140624,107.72000122070312,107.430908203125,310200
2024-06-24,107.76000213623048,107.76000213623048,107.72100067138672,107.75,107.46082305908205,510000
2024-06-25,107.7699966430664,107.7699966430664,107.72000122070312,107.76000213623048,107.4708023071289,429100
2024-06-26,107.7699966430664,107.7699966430664,107.72000122070312,107.72000122070312,107.430908203125,376400
2024-06-27,107.77999877929688,107.77999877929688,107.72000122070312,107.73999786376952,107.45085144042967,519400
2024-06-28,107.79000091552734,107.81999969482422,107.7699966430664,107.81500244140624,107.52565002441406,399700
2024-07-01,107.83999633789062,107.8499984741211,107.80999755859376,107.83000183105467,107.54061126708984,719300
2024-07-02,107.8499984741211,107.8499984741211,107.80999755859376,107.81999969482422,107.5306396484375,1040500
2024-07-03,107.8499984741211,107.87999725341795,107.8499984741211,107.87000274658205,107.58050537109376,322700
2024-07-05,107.93000030517578,107.93000030517578,107.88999938964844,107.91999816894533,107.63036346435548,298300
2024-07-08,107.9499969482422,107.9499969482422,107.91999816894533,107.94000244140624,107.65031433105467,489900
2024-07-09,107.95999908447266,107.97000122070312,107.9499969482422,107.9499969482422,107.66028594970705,753700
2024-07-10,107.97000122070312,107.98999786376952,107.93000030517578,107.93000030517578,107.64034271240234,811900
2024-07-11,107.98999786376952,107.98999786376952,107.97000122070312,107.9800033569336,107.6902084350586,493300
2024-07-12,108.02999877929688,108.02999877929688,108.0,108.02999877929688,107.74007415771484,470700
2024-07-15,108.05999755859376,108.05999755859376,108.04000091552734,108.0500030517578,107.76002502441406,492900
2024-07-16,108.08000183105467,108.08999633789062,108.05999755859376,108.05999755859376,107.76998901367188,734700
2024-07-17,108.06999969482422,108.08000183105467,108.0500030517578,108.05999755859376,107.76998901367188,659300
2024-07-18,108.06999969482422,108.0999984741211,108.05999755859376,108.0999984741211,107.80988311767578,398900
2024-07-19,108.1500015258789,108.1500015258789,108.11000061035156,108.1500015258789,107.85975646972656,341600
2024-07-22,108.16000366210938,108.16999816894533,108.13999938964844,108.16999816894533,107.87969970703124,471300
2024-07-23,108.16999816894533,108.19000244140624,108.16999816894533,108.19000244140624,107.89964294433594,546100
2024-07-24,108.1999969482422,108.20999908447266,108.18000030517578,108.19000244140624,107.89964294433594,625000
2024-07-25,108.1999969482422,108.1999969482422,108.19000244140624,108.19000244140624,107.89964294433594,370200
2024-07-26,108.2300033569336,108.2699966430664,108.2300033569336,108.26000213623048,107.9694595336914,630800
2024-07-29,108.2699966430664,108.27999877929688,108.2300033569336,108.2699966430664,107.97942352294922,445100
2024-07-30,108.2699966430664,108.29000091552734,108.2699966430664,108.29000091552734,107.99937438964844,461800
2024-07-31,108.29000091552734,108.30999755859376,108.26000213623048,108.3000030517578,108.00935363769533,737000
2024-08-01,108.30999755859376,108.31999969482422,108.29000091552734,108.3000030517578,108.00935363769533,488500
2024-08-02,108.37999725341795,108.37999725341795,108.3000030517578,108.30999755859376,108.01931762695312,514000
2024-08-05,108.26000213623048,108.3499984741211,107.2300033569336,108.31999969482422,108.029296875,2611100
2024-08-06,108.3000030517578,108.31999969482422,108.25,108.31999969482422,108.029296875,669000
2024-08-07,108.30999755859376,108.37000274658205,108.30999755859376,108.3499984741211,108.05921173095705,527000
2024-08-08,108.3499984741211,108.38999938964844,108.3499984741211,108.38500213623048,108.09412384033205,336600
2024-08-09,108.37000274658205,108.44000244140624,108.37000274658205,108.43000030517578,108.13899993896484,400700
2024-08-12,108.4800033569336,108.4800033569336,108.43000030517578,108.43000030517578,108.13899993896484,473900
2024-08-13,108.20999908447266,108.20999908447266,108.13999938964844,108.1500015258789,108.1500015258789,479000
2024-08-14,108.1500015258789,108.19000244140624,108.1500015258789,108.18000030517578,108.18000030517578,659500
2024-08-15,108.19000244140624,108.20999908447266,108.18199920654295,108.20999908447266,108.20999908447266,678200
2024-08-16,108.2300033569336,108.2699966430664,108.2300033569336,108.25,108.25,601000
2024-08-19,108.2699966430664,108.29000091552734,108.26000213623048,108.2699966430664,108.2699966430664,510200
2024-08-20,108.2699966430664,108.3000030517578,108.23999786376952,108.25,108.25,468700
2024-08-21,108.30999755859376,108.30999755859376,108.27999877929688,108.3000030517578,108.3000030517578,259300
2024-08-22,108.29000091552734,108.31700134277344,108.29000091552734,108.3000030517578,108.3000030517578,254400
2024-08-23,108.33999633789062,108.37000274658205,108.33499908447266,108.37000274658205,108.37000274658205,584600
2024-08-26,108.4000015258789,108.4000015258789,108.36000061035156,108.36000061035156,108.36000061035156,618200
2024-08-27,108.38999938964844,108.4000015258789,108.37999725341795,108.4000015258789,108.4000015258789,178900
2024-08-28,108.41999816894533,108.43000030517578,108.41000366210938,108.43000030517578,108.43000030517578,213900
2024-08-29,108.44000244140624,108.4499969482422,108.41999816894533,108.41999816894533,108.41999816894533,338200
2024-08-30,108.47000122070312,108.5,108.45999908447266,108.48999786376952,108.48999786376952,372800
2024-09-03,108.52999877929688,108.5500030517578,108.5199966430664,108.52999877929688,108.52999877929688,553700
2024-09-04,108.54000091552734,108.5500030517578,108.5199966430664,108.52999877929688,108.52999877929688,710000
2024-09-05,108.5999984741211,108.5999984741211,108.52999877929688,108.54000091552734,108.54000091552734,822300
2024-09-06,108.55999755859376,108.58000183105467,108.55999755859376,108.56999969482422,108.56999969482422,827000
2024-09-09,108.58000183105467,108.61900329589844,108.58000183105467,108.58999633789062,108.58999633789062,575500
2024-09-10,108.62999725341795,108.65499877929688,108.6050033569336,108.62000274658205,108.62000274658205,519800
2024-09-11,108.63999938964844,108.6500015258789,108.58000183105467,108.62000274658205,108.62000274658205,1072200
2024-09-12,108.62000274658205,108.63999938964844,108.59200286865234,108.62999725341795,108.62999725341795,978700
2024-09-13,108.66000366210938,108.69000244140624,108.6500015258789,108.68000030517578,108.68000030517578,1762000
2024-09-16,108.68000030517578,108.70999908447266,108.68000030517578,108.69000244140624,108.69000244140624,695300
2024-09-17,108.6999969482422,108.72000122070312,108.69000244140624,108.69000244140624,108.69000244140624,454700
2024-09-18,108.72000122070312,108.75,108.70999908447266,108.73999786376952,108.73999786376952,431600
2024-09-19,108.75,108.77999877929688,108.75,108.76000213623048,108.76000213623048,355200
2024-09-20,108.79000091552734,108.81999969482422,108.79000091552734,108.80999755859376,108.80999755859376,416400
2024-09-23,108.81999969482422,108.83000183105467,108.80999755859376,108.81999969482422,108.81999969482422,531300
2024-09-24,108.83999633789062,108.8499984741211,108.83000183105467,108.83999633789062,108.83999633789062,681700
2024-09-25,108.86000061035156,108.86000061035156,108.83999633789062,108.86000061035156,108.86000061035156,594300
2024-09-26,108.86000061035156,108.87000274658205,108.83999633789062,108.87000274658205,108.87000274658205,693100
2024-09-27,108.91999816894533,108.91999816894533,108.88999938964844,108.88999938964844,108.88999938964844,581500
2024-09-30,108.9000015258789,108.93000030517578,108.9000015258789,108.93000030517578,108.93000030517578,514900
2024-10-01,108.93000030517578,108.95999908447266,108.93000030517578,108.94000244140624,108.94000244140624,586500
2024-10-02,108.95999908447266,108.9800033569336,108.9499969482422,108.97000122070312,108.97000122070312,875900
2024-10-03,108.98999786376952,109.0,108.9800033569336,108.9800033569336,108.9800033569336,565200
2024-10-04,109.0199966430664,109.04000091552734,109.01000213623048,109.03500366210938,109.03500366210938,456000
2024-10-07,109.04000091552734,109.0500030517578,109.02999877929688,109.02999877929688,109.02999877929688,1052400
2024-10-08,109.06999969482422,109.06999969482422,109.04499816894533,109.06999969482422,109.06999969482422,314000
2024-10-09,109.08999633789062,109.08999633789062,109.06500244140624,109.08000183105467,109.08000183105467,319400
2024-10-10,109.08999633789062,109.0999984741211,109.08000183105467,109.08000183105467,109.08000183105467,630400
2024-10-11,109.12999725341795,109.16000366210938,109.12000274658205,109.12999725341795,109.12999725341795,704900
2024-10-14,109.12999725341795,109.13999938964844,109.11000061035156,109.12000274658205,109.12000274658205,321000
2024-10-15,109.13999938964844,109.16000366210938,109.12999725341795,109.16000366210938,109.16000366210938,274100
2024-10-16,109.18000030517578,109.18000030517578,109.1500015258789,109.16999816894533,109.16999816894533,367100
2024-10-17,109.1999969482422,109.1999969482422,109.16999816894533,109.16999816894533,109.16999816894533,501600
2024-10-18,109.2300033569336,109.23999786376952,109.20999908447266,109.23999786376952,109.23999786376952,486000
2024-10-21,109.26000213623048,109.26000213623048,109.23999786376952,109.25,109.25,448300
2024-10-22,109.26000213623048,109.2699966430664,109.25,109.2699966430664,109.2699966430664,508400
2024-10-23,109.2699966430664,109.29000091552734,109.2699966430664,109.29000091552734,109.29000091552734,237100
2024-10-24,109.31999969482422,109.33000183105467,109.29000091552734,109.29000091552734,109.29000091552734,603800
2024-10-25,109.31999969482422,109.3499984741211,109.31999969482422,109.31999969482422,109.31999969482422,1384000
2024-10-28,109.3499984741211,109.37000274658205,109.33999633789062,109.37000274658205,109.37000274658205,327400
2024-10-29,109.37000274658205,109.37999725341795,109.33999633789062,109.3499984741211,109.3499984741211,471400
2024-10-30,109.38999938964844,109.4000015258789,109.37000274658205,109.38999938964844,109.38999938964844,625600
2024-10-31,109.4000015258789,109.4000015258789,109.37999725341795,109.4000015258789,109.4000015258789,686600
2024-11-01,109.43000030517578,109.4499969482422,109.41999816894533,109.44000244140624,109.44000244140624,583300
2024-11-04,109.45999908447266,109.47000122070312,109.4499969482422,109.47000122070312,109.47000122070312,351700
2024-11-05,109.4800033569336,109.48999786376952,109.45999908447266,109.46499633789062,109.46499633789062,334200
2024-11-06,109.45999908447266,109.51000213623048,109.44000244140624,109.48999786376952,109.48999786376952,815600
2024-11-07,109.5,109.52999877929688,109.48999786376952,109.5199966430664,109.5199966430664,1054500
2024-11-08,109.55999755859376,109.56999969482422,109.5500030517578,109.5500030517578,109.5500030517578,366400
2024-11-11,109.55999755859376,109.55999755859376,109.54000091552734,109.55999755859376,109.55999755859376,539900
2024-11-12,109.55999755859376,109.58000183105467,109.54000091552734,109.54000091552734,109.54000091552734,555500
2024-11-13,109.5500030517578,109.56999969482422,109.5500030517578,109.5500030517578,109.5500030517578,595100
2024-11-14,109.5500030517578,109.58000183105467,109.5500030517578,109.58000183105467,109.58000183105467,577000
2024-11-15,109.58000183105467,109.63999938964844,109.56999969482422,109.61000061035156,109.61000061035156,608300
2024-11-18,109.62000274658205,109.62000274658205,109.5999984741211,109.61000061035156,109.61000061035156,428100
2024-11-19,109.62000274658205,109.62999725341795,109.61000061035156,109.62000274658205,109.62000274658205,523400
2024-11-20,109.62999725341795,109.6500015258789,109.62000274658205,109.63500213623048,109.63500213623048,384800
2024-11-21,109.63999938964844,109.66000366210938,109.63999938964844,109.63999938964844,109.63999938964844,366500
2024-11-22,109.68000030517578,109.69000244140624,109.6750030517578,109.68000030517578,109.68000030517578,414800
2024-11-25,109.70999908447266,109.73999786376952,109.70999908447266,109.70999908447266,109.70999908447266,837500
2024-11-26,109.72000122070312,109.75,109.72000122070312,109.73999786376952,109.73999786376952,416100
2024-11-27,109.75,109.77999877929688,109.75,109.76000213623048,109.76000213623048,722300
2024-11-29,109.79000091552734,109.87000274658205,109.79000091552734,109.83000183105467,109.83000183105467,519300
2024-12-02,109.83000183105467,109.83000183105467,109.8000030517578,109.81999969482422,109.81999969482422,561200
2024-12-03,109.81999969482422,109.8499984741211,109.70999908447266,109.70999908447266,109.70999908447266,622800
2024-12-04,109.83000183105467,109.8499984741211,109.8219985961914,109.83000183105467,109.83000183105467,457000
2024-12-05,109.86000061035156,109.86000061035156,109.83999633789062,109.83999633789062,109.83999633789062,408200
2024-12-06,109.87000274658205,109.91000366210938,109.87000274658205,109.9000015258789,109.9000015258789,555100
2024-12-09,109.88999938964844,109.91999816894533,109.88999938964844,109.9000015258789,109.9000015258789,463400
2024-12-10,109.91999816894533,109.9499969482422,109.91000366210938,109.93000030517578,109.93000030517578,379900
2024-12-11,109.9499969482422,109.97000122070312,109.94000244140624,109.9499969482422,109.9499969482422,697300
2024-12-12,109.97000122070312,109.97000122070312,109.94000244140624,109.94000244140624,109.94000244140624,406700
2024-12-13,110.05999755859376,110.05999755859376,109.9800033569336,110.0,110.0,503200
2024-12-16,110.0199966430664,110.0500030517578,110.0199966430664,110.04000091552734,110.04000091552734,604200
2024-12-17,110.05999755859376,110.06500244140624,110.02999877929688,110.04000091552734,110.04000091552734,673000
2024-12-18,110.0500030517578,110.05999755859376,110.0199966430664,110.02999877929688,110.02999877929688,858100
2024-12-19,110.0500030517578,110.06999969482422,110.04000091552734,110.05999755859376,110.05999755859376,926800
2024-12-20,110.05999755859376,110.11000061035156,110.05999755859376,110.08999633789062,110.08999633789062,1103000
2024-12-23,110.11000061035156,110.11799621582033,110.08000183105467,110.11000061035156,110.11000061035156,1247200
2024-12-24,110.11000061035156,110.12999725341795,110.11000061035156,110.12000274658205,110.12000274658205,1094100
2024-12-26,110.13999938964844,110.16000366210938,110.12999725341795,110.1500015258789,110.1500015258789,810700
2024-12-27,110.18000030517578,110.20999908447266,110.16999816894533,110.19000244140624,110.19000244140624,521500
2024-12-30,110.20999908447266,110.23999786376952,110.20999908447266,110.20999908447266,110.20999908447266,635500
2024-12-31,110.2300033569336,110.29000091552734,110.2300033569336,110.27999877929688,110.27999877929688,1075000
2025-01-02,110.29000091552734,110.33000183105467,110.27999877929688,110.33000183105467,110.33000183105467,655200
2025-01-03,110.36000061035156,110.37999725341795,110.33999633789062,110.3499984741211,110.3499984741211,695100
2025-01-06,110.4000015258789,110.4000015258789,110.37000274658205,110.38999938964844,110.38999938964844,743200
2025-01-07,110.41999816894533,110.41999816894533,110.37999725341795,110.4000015258789,110.4000015258789,1066100
2025-01-08,110.41999816894533,110.41999816894533,110.4000015258789,110.41000366210938,110.41000366210938,851300
2025-01-10,110.44000244140624,110.47000122070312,110.43000030517578,110.45999908447266,110.45999908447266,1112200
2025-01-13,110.47000122070312,110.4800033569336,110.45999908447266,110.4800033569336,110.4800033569336,922800
2025-01-14,110.48999786376952,110.5,110.4800033569336,110.5,110.5,500800
2025-01-15,110.51000213623048,110.5199966430664,110.48999786376952,110.5,110.5,543700
2025-01-16,110.52999877929688,110.52999877929688,110.51000213623048,110.5199966430664,110.5199966430664,542300
2025-01-17,110.5500030517578,110.58999633789062,110.5500030517578,110.58000183105467,110.58000183105467,1053600
2025-01-21,110.5999984741211,110.61000061035156,110.58000183105467,110.58000183105467,110.58000183105467,854700
2025-01-22,110.5999984741211,110.61000061035156,110.58999633789062,110.5999984741211,110.5999984741211,628800
2025-01-23,110.6500015258789,110.6500015258789,110.61000061035156,110.62000274658205,110.62000274658205,732000
2025-01-24,110.66000366210938,110.66999816894533,110.6500015258789,110.66999816894533,110.66999816894533,544100
2025-01-27,110.66999816894533,110.68000030517578,110.6500015258789,110.66999816894533,110.66999816894533,711300
2025-01-28,110.68000030517578,110.70999908447266,110.68000030517578,110.6999969482422,110.6999969482422,662200
2025-01-29,110.6999969482422,110.72000122070312,110.6999969482422,110.6999969482422,110.6999969482422,755900
2025-01-30,110.70999908447266,110.7300033569336,110.70999908447266,110.72000122070312,110.72000122070312,1122500
2025-01-31,110.76000213623048,110.7699966430664,110.73999786376952,110.7699966430664,110.7699966430664,861200
2025-02-03,110.79000091552734,110.79000091552734,110.7699966430664,110.7699966430664,110.7699966430664,913600
2025-02-04,110.79000091552734,110.81999969482422,110.79000091552734,110.79000091552734,110.79000091552734,757400
2025-02-05,110.8000030517578,110.80999755859376,110.79000091552734,110.79000091552734,110.79000091552734,559600
2025-02-06,110.80999755859376,110.81999969482422,110.80999755859376,110.81999969482422,110.81999969482422,414400
2025-02-07,110.83999633789062,110.86000061035156,110.83999633789062,110.8499984741211,110.8499984741211,497100
2025-02-10,110.86000061035156,110.87000274658205,110.83000183105467,110.83999633789062,110.83999633789062,773800
2025-02-11,110.87000274658205,110.88999938964844,110.86000061035156,110.88999938964844,110.88999938964844,524700
2025-02-12,110.9000015258789,110.9000015258789,110.87999725341795,110.88999938964844,110.88999938964844,442600
2025-02-13,110.91999816894533,110.91999816894533,110.87999725341795,110.91000366210938,110.91000366210938,944000
2025-02-14,110.93000030517578,110.97000122070312,110.93000030517578,110.97000122070312,110.97000122070312,642900
2025-02-18,110.97000122070312,110.9800033569336,110.9499969482422,110.97000122070312,110.97000122070312,897500
2025-02-19,110.98999786376952,110.98999786376952,110.9800033569336,110.9800033569336,110.9800033569336,719800
2025-02-20,111.0199966430664,111.0199966430664,110.98999786376952,111.01000213623048,111.01000213623048,722500
2025-02-21,111.04000091552734,111.0500030517578,111.0199966430664,111.0199966430664,111.0199966430664,852200
2025-02-24,111.0500030517578,111.0500030517578,111.02200317382812,111.02999877929688,111.02999877929688,1080300
2025-02-25,111.04000091552734,111.0500030517578,111.04000091552734,111.04000091552734,111.04000091552734,784900
2025-02-26,111.05999755859376,111.0770034790039,111.0500030517578,111.05999755859376,111.05999755859376,675700
2025-02-27,111.06999969482422,111.08000183105467,111.06999969482422,111.06999969482422,111.06999969482422,569500
2025-02-28,111.11000061035156,111.12000274658205,111.0999984741211,111.12000274658205,111.12000274658205,703800
2025-03-03,111.13999938964844,111.1500015258789,111.12999725341795,111.13999938964844,111.13999938964844,963000
2025-03-04,111.16999816894533,111.16999816894533,111.13999938964844,111.16000366210938,111.16000366210938,1280000
2025-03-05,111.16999816894533,111.18000030517578,111.16000366210938,111.18000030517578,111.18000030517578,840800
2025-03-06,111.19000244140624,111.19000244140624,111.16000366210938,111.18000030517578,111.18000030517578,1025700
2025-03-07,111.20999908447266,111.2300033569336,111.1999969482422,111.22000122070312,111.22000122070312,754400
2025-03-10,111.22000122070312,111.2300033569336,111.19000244140624,111.1999969482422,111.1999969482422,1041900
2025-03-11,111.20999908447266,111.25,111.20999908447266,111.23999786376952,111.23999786376952,678900
2025-03-12,111.25,111.26000213623048,111.22000122070312,111.26000213623048,111.26000213623048,839100
2025-03-13,111.26000213623048,111.2699966430664,111.24500274658205,111.25,111.25,851400
2025-03-14,111.27999877929688,111.33000183105467,111.2699966430664,111.33000183105467,111.33000183105467,861100
2025-03-17,111.33000183105467,111.33000183105467,111.3000030517578,111.30999755859376,111.30999755859376,1076200
2025-03-18,111.30999755859376,111.33000183105467,111.30999755859376,111.33000183105467,111.33000183105467,994900
2025-03-19,111.33999633789062,111.33999633789062,111.31999969482422,111.33999633789062,111.33999633789062,532100
2025-03-20,111.33999633789062,111.33999633789062,111.3000030517578,111.33999633789062,111.33999633789062,648700
2025-03-21,111.36000061035156,111.37999725341795,111.33999633789062,111.37999725341795,111.37999725341795,810500
2025-03-24,111.4000015258789,111.4000015258789,111.36000061035156,111.36000061035156,111.36000061035156,1078200
2025-03-25,111.38999938964844,111.4000015258789,111.37000274658205,111.37999725341795,111.37999725341795,683200
2025-03-26,111.4000015258789,111.4000015258789,111.37999725341795,111.38999938964844,111.38999938964844,797500
2025-03-27,111.4000015258789,111.44000244140624,111.4000015258789,111.43000030517578,111.43000030517578,771800
2025-03-28,111.45999908447266,111.4800033569336,111.44100189208984,111.45999908447266,111.45999908447266,1300400
2025-03-31,111.47000122070312,111.48999786376952,111.47000122070312,111.48999786376952,111.48999786376952,1168400
2025-04-01,111.51000213623048,111.51000213623048,111.5,111.5,111.5,829000
2025-04-02,111.5,111.51000213623048,111.5,111.51000213623048,111.51000213623048,572500
2025-04-03,111.48999786376952,111.51000213623048,111.48999786376952,111.5,111.5,1090000
2025-04-04,111.5,111.56999969482422,111.48999786376952,111.56999969482422,111.56999969482422,1656600
2025-04-07,111.5199966430664,111.58999633789062,111.48999786376952,111.52999877929688,111.52999877929688,2089700
2025-04-08,111.52999877929688,111.58000183105467,111.5199966430664,111.55999755859376,111.55999755859376,1412000
2025-04-09,111.58000183105467,111.5999984741211,111.5500030517578,111.5999984741211,111.5999984741211,1631600
2025-04-10,111.61000061035156,111.61000061035156,111.52999877929688,111.5999984741211,111.5999984741211,1135200
2025-04-11,111.62000274658205,111.66999816894533,111.62000274658205,111.66999816894533,111.66999816894533,1758800
2025-04-14,111.69000244140624,111.6999969482422,111.66999816894533,111.68000030517578,111.68000030517578,850200
2025-04-15,111.69000244140624,111.7300033569336,111.69000244140624,111.72000122070312,111.72000122070312,1053000
2025-04-16,111.7300033569336,111.75,111.72000122070312,111.7300033569336,111.7300033569336,914400
2025-04-17,111.7699966430664,111.7699966430664,111.7300033569336,111.75,111.75,827000
2025-04-21,111.79000091552734,111.8000030517578,111.73999786376952,111.73999786376952,111.73999786376952,1018800
2025-04-22,111.7699966430664,111.80799865722656,111.76000213623048,111.78500366210938,111.78500366210938,886000
2025-04-23,111.79000091552734,111.8000030517578,111.77999877929688,111.8000030517578,111.8000030517578,744300
2025-04-24,111.8000030517578,111.83999633789062,111.8000030517578,111.80999755859376,111.80999755859376,808300
2025-04-25,111.83000183105467,111.87999725341795,111.83000183105467,111.87000274658205,111.87000274658205,783300
2025-04-28,111.88999938964844,111.88999938964844,111.83999633789062,111.8499984741211,111.8499984741211,778900
2025-04-29,111.86000061035156,111.87999725341795,111.86000061035156,111.86000061035156,111.86000061035156,736500
2025-04-30,111.87999725341795,111.91000366210938,111.86000061035156,111.91000366210938,111.91000366210938,1063400
2025-05-01,111.9000015258789,111.91000366210938,111.87999725341795,111.88999938964844,111.88999938964844,1091600
2025-05-02,111.93000030517578,111.94000244140624,111.91999816894533,111.93000030517578,111.93000030517578,782700
2025-05-05,111.97000122070312,111.97000122070312,111.94000244140624,111.95999908447266,111.95999908447266,619800
2025-05-06,111.97000122070312,112.0,111.97000122070312,112.0,112.0,558600
2025-05-07,112.0,112.01000213623048,111.9800033569336,111.9800033569336,111.9800033569336,558100
2025-05-08,112.0,112.01499938964844,111.98999786376952,112.0,112.0,795400
2025-05-09,112.04000091552734,112.05999755859376,112.0199966430664,112.05999755859376,112.05999755859376,868900
2025-05-12,112.06999969482422,112.08000183105467,112.02999877929688,112.04000091552734,112.04000091552734,971100
2025-05-13,112.06999969482422,112.08000183105467,112.05999755859376,112.06999969482422,112.06999969482422,981400
2025-05-14,112.08999633789062,112.0999984741211,112.08000183105467,112.08000183105467,112.08000183105467,851100
2025-05-15,112.0999984741211,112.0999984741211,112.08000183105467,112.08999633789062,112.08999633789062,1007700
2025-05-16,112.12999725341795,112.12999725341795,112.11000061035156,112.11000061035156,112.11000061035156,850900
2025-05-19,112.12000274658205,112.12999725341795,112.11000061035156,112.12999725341795,112.12999725341795,725200
2025-05-20,112.12999725341795,112.1500015258789,112.12000274658205,112.13999938964844,112.13999938964844,721100
2025-05-21,112.16999816894533,112.16999816894533,112.1500015258789,112.16000366210938,112.16000366210938,935100
2025-05-22,112.19000244140624,112.19000244140624,112.16999816894533,112.16999816894533,112.16999816894533,678100
2025-05-23,112.19000244140624,112.2300033569336,112.19000244140624,112.22000122070312,112.22000122070312,849600
2025-05-27,112.26000213623048,112.26000213623048,112.23999786376952,112.23999786376952,112.23999786376952,820200
2025-05-28,112.25,112.26000213623048,112.25,112.26000213623048,112.26000213623048,844000
2025-05-29,112.2699966430664,112.27999877929688,112.2699966430664,112.27999877929688,112.27999877929688,1126700
2025-05-30,112.31999969482422,112.31999969482422,112.30999755859376,112.31999969482422,112.31999969482422,999700
2025-06-02,112.33999633789062,112.3499984741211,112.33000183105467,112.33000183105467,112.33000183105467,885200
2025-06-03,112.36000061035156,112.37000274658205,112.31999969482422,112.31999969482422,112.31999969482422,930900
2025-06-04,112.3499984741211,112.3499984741211,112.33000183105467,112.33999633789062,112.33999633789062,800700
2025-06-05,112.36000061035156,112.36000061035156,112.33999633789062,112.3499984741211,112.3499984741211,688800
2025-06-06,112.36000061035156,112.4000015258789,112.36000061035156,112.4000015258789,112.4000015258789,689400
2025-06-09,112.41999816894533,112.41999816894533,112.38999938964844,112.38999938964844,112.38999938964844,857600
2025-06-10,112.41000366210938,112.44000244140624,112.4000015258789,112.41999816894533,112.41999816894533,1092800
2025-06-11,112.43000030517578,112.44000244140624,112.43000030517578,112.43000030517578,112.43000030517578,725300
2025-06-12,112.44000244140624,112.44000244140624,112.43000030517578,112.43000030517578,112.43000030517578,560500
2025-06-13,112.4499969482422,112.4499969482422,112.44000244140624,112.4499969482422,112.4499969482422,812100
2025-06-16,112.47000122070312,112.47000122070312,112.45999908447266,112.47000122070312,112.47000122070312,592200
2025-06-17,112.4800033569336,112.4800033569336,112.45999908447266,112.47000122070312,112.47000122070312,810700
2025-06-18,112.4800033569336,112.48999786376952,112.4499969482422,112.45999908447266,112.45999908447266,1154400
2025-06-20,112.51000213623048,112.5500030517578,112.5,112.5500030517578,112.5500030517578,1705200
2025-06-23,112.5500030517578,112.58999633789062,112.5500030517578,112.58000183105467,112.58000183105467,2335600
2025-06-24,112.5999984741211,112.62000274658205,112.58999633789062,112.61000061035156,112.61000061035156,1835400
2025-06-25,112.62999725341795,112.62999725341795,112.5999984741211,112.62000274658205,112.62000274658205,1442700
2025-06-26,112.62999725341795,112.62999725341795,112.62000274658205,112.62999725341795,112.62999725341795,881000
2025-06-27,112.66000366210938,112.6750030517578,112.6500015258789,112.6500015258789,112.6500015258789,1419900
2025-06-30,112.68000030517578,112.69000244140624,112.66999816894533,112.68000030517578,112.68000030517578,1397600
2025-07-01,112.69000244140624,112.69000244140624,112.62999725341795,112.6500015258789,112.6500015258789,1711000
2025-07-02,112.66999816894533,112.68000030517578,112.66000366210938,112.66000366210938,112.66000366210938,970900
2025-07-03,112.6999969482422,112.72000122070312,112.6999969482422,112.70500183105467,112.70500183105467,711700
2025-07-07,112.7300033569336,112.73999786376952,112.70899963378906,112.73999786376952,112.73999786376952,1093100
2025-07-08,112.7699966430664,112.7699966430664,112.75,112.76000213623048,112.76000213623048,766100
2025-07-09,112.7699966430664,112.77999877929688,112.76000213623048,112.7699966430664,112.7699966430664,709700
2025-07-10,112.77999877929688,112.79000091552734,112.76000213623048,112.7699966430664,112.7699966430664,832700
2025-07-11,112.77999877929688,112.8000030517578,112.7699966430664,112.8000030517578,112.8000030517578,1206500
2025-07-14,112.80999755859376,112.81999969482422,112.8000030517578,112.80999755859376,112.80999755859376,576400
2025-07-15,112.83000183105467,112.83000183105467,112.81999969482422,112.81999969482422,112.81999969482422,784400
2025-07-16,112.83000183105467,112.8499984741211,112.83000183105467,112.83999633789062,112.83999633789062,874300
2025-07-17,112.86000061035156,112.87000274658205,112.8499984741211,112.86000061035156,112.86000061035156,953800
2025-07-18,112.88999938964844,112.9000015258789,112.88999938964844,112.88999938964844,112.88999938964844,556000
2025-07-21,112.91000366210938,112.91999816894533,112.91000366210938,112.91999816894533,112.91999816894533,1000500
2025-07-22,112.94000244140624,112.94000244140624,112.93000030517578,112.93000030517578,112.93000030517578,928300
2025-07-23,112.94000244140624,112.9499969482422,112.93000030517578,112.93000030517578,112.93000030517578,794600
2025-07-24,112.95999908447266,112.95999908447266,112.94000244140624,112.94000244140624,112.94000244140624,717400
2025-07-25,112.97000122070312,112.98999786376952,112.97000122070312,112.9800033569336,112.9800033569336,686800
2025-07-28,113.01000213623048,113.01000213623048,112.98999786376952,112.98999786376952,112.98999786376952,845200
2025-07-29,113.0199966430664,113.02999877929688,113.01000213623048,113.01000213623048,113.01000213623048,1884900
2025-07-30,113.02999877929688,113.04000091552734,113.02999877929688,113.04000091552734,113.04000091552734,1342900
2025-07-31,113.05999755859376,113.05999755859376,113.04000091552734,113.04000091552734,113.04000091552734,1577500
2025-08-01,113.06999969482422,113.08999633789062,113.06999969482422,113.08999633789062,113.08999633789062,1006700
2025-08-04,113.08999633789062,113.0999984741211,113.08999633789062,113.0999984741211,113.0999984741211,1018600
2025-08-05,113.11000061035156,113.12000274658205,113.0999984741211,113.11000061035156,113.11000061035156,802100
2025-08-06,113.11000061035156,113.12999725341795,113.11000061035156,113.12000274658205,113.12000274658205,973300
2025-08-07,113.13999938964844,113.1500015258789,113.12999725341795,113.12999725341795,113.12999725341795,1042200
2025-08-08,113.16000366210938,113.18000030517578,113.1500015258789,113.18000030517578,113.18000030517578,736400
2025-08-11,113.1999969482422,113.20999908447266,113.18000030517578,113.18000030517578,113.18000030517578,1261700
2025-08-12,113.1999969482422,113.22000122070312,113.1999969482422,113.1999969482422,113.1999969482422,1216300
2025-08-13,113.2300033569336,113.2300033569336,113.22000122070312,113.22000122070312,113.22000122070312,851600
2025-08-14,113.23999786376952,113.23999786376952,113.20999908447266,113.22000122070312,113.22000122070312,954800
2025-08-15,113.25,113.2699966430664,113.23899841308594,113.2699966430664,113.2699966430664,1000100
2025-08-18,113.29000091552734,113.30999755859376,113.27999877929688,113.3000030517578,113.3000030517578,861700
2025-08-19,113.30999755859376,113.30999755859376,113.3000030517578,113.3000030517578,113.3000030517578,901000
2025-08-20,113.31999969482422,113.33000183105467,113.30999755859376,113.30999755859376,113.30999755859376,909900
2025-08-21,113.31999969482422,113.33000183105467,113.31999969482422,113.33000183105467,113.33000183105467,665200
2025-08-22,113.3499984741211,113.37000274658205,113.33999633789062,113.37000274658205,113.37000274658205,982700
2025-08-25,113.38999938964844,113.4000015258789,113.37999725341795,113.4000015258789,113.4000015258789,984200
2025-08-26,113.41999816894533,113.41999816894533,113.4000015258789,113.4000015258789,113.4000015258789,1063600
2025-08-27,113.41999816894533,113.41999816894533,113.41000366210938,113.41500091552734,113.41500091552734,509700
2025-08-28,113.41999816894533,113.44000244140624,113.41999816894533,113.41999816894533,113.41999816894533,852300
2025-08-29,113.47000122070312,113.5,113.45999908447266,113.5,113.5,908000
2025-09-02,113.51000213623048,113.51000213623048,113.48999786376952,113.48999786376952,113.48999786376952,1252200
2025-09-03,113.5,113.5199966430664,113.5,113.5199966430664,113.5199966430664,871100
2025-09-04,113.54000091552734,113.54000091552734,113.5199966430664,113.5199966430664,113.5199966430664,762500
2025-09-05,113.55999755859376,113.56999969482422,113.5500030517578,113.55999755859376,113.55999755859376,829000
2025-09-08,113.56999969482422,113.58999633789062,113.5500030517578,113.5500030517578,113.5500030517578,2020400
2025-09-09,113.55999755859376,113.58000183105467,113.55999755859376,113.56999969482422,113.56999969482422,805900
2025-09-10,113.58999633789062,113.5999984741211,113.58000183105467,113.58999633789062,113.58999633789062,1309100
2025-09-11,113.5999984741211,113.61000061035156,113.58999633789062,113.5999984741211,113.5999984741211,860300
2025-09-12,113.6500015258789,113.6500015258789,113.625,113.6500015258789,113.6500015258789,751000
2025-09-15,113.6500015258789,113.66000366210938,113.62999725341795,113.6500015258789,113.6500015258789,1245100
2025-09-16,113.66999816894533,113.66999816894533,113.6500015258789,113.66999816894533,113.66999816894533,813300
2025-09-17,113.66999816894533,113.68000030517578,113.65499877929688,113.66000366210938,113.66000366210938,1207800
2025-09-18,113.66999816894533,113.69000244140624,113.66999816894533,113.68000030517578,113.68000030517578,942600
2025-09-19,113.6999969482422,113.7300033569336,113.6999969482422,113.72000122070312,113.72000122070312,950900
2025-09-22,113.72000122070312,113.76000213623048,113.72000122070312,113.75,113.75,1339800
2025-09-23,113.77999877929688,113.77999877929688,113.7699966430664,113.77999877929688,113.77999877929688,1096900
2025-09-24,113.77999877929688,113.81999969482422,113.77999877929688,113.79000091552734,113.79000091552734,1763500
2025-09-25,113.80999755859376,113.80999755859376,113.79000091552734,113.79000091552734,113.79000091552734,1691200
2025-09-26,113.81999969482422,113.83000183105467,113.8000030517578,113.8000030517578,113.8000030517578,1047300
2025-09-29,113.83000183105467,113.83000183105467,113.80999755859376,113.81999969482422,113.81999969482422,2164600
2025-09-30,113.83000183105467,113.86000061035156,113.83000183105467,113.86000061035156,113.86000061035156,999600
2025-10-01,113.86000061035156,113.87899780273438,113.86000061035156,113.87000274658205,113.87000274658205,886000
2025-10-02,113.9000015258789,113.9000015258789,113.87999725341795,113.88999938964844,113.88999938964844,2289500
2025-10-03,113.91999816894533,113.91999816894533,113.91000366210938,113.91000366210938,113.91000366210938,1108600
2025-10-06,113.93000030517578,113.93000030517578,113.91999816894533,113.91999816894533,113.91999816894533,1536100
2025-10-07,113.94000244140624,113.94000244140624,113.91000366210938,113.91999816894533,113.91999816894533,944200
2025-10-08,113.93000030517578,113.94000244140624,113.91999816894533,113.93000030517578,113.93000030517578,1049100
2025-10-09,113.9499969482422,113.9499969482422,113.93000030517578,113.93000030517578,113.93000030517578,813800
2025-10-10,113.97000122070312,113.98999786376952,113.96499633789062,113.98999786376952,113.98999786376952,1169100
2025-10-13,113.97000122070312,113.98999786376952,113.97000122070312,113.9800033569336,113.9800033569336,1204400
2025-10-14,113.98999786376952,114.0,113.9800033569336,113.9800033569336,113.9800033569336,706100
2025-10-15,114.0,114.01000213623048,113.98999786376952,114.0,114.0,645600
2025-10-16,114.01000213623048,114.04000091552734,114.01000213623048,114.02999877929688,114.02999877929688,698600
2025-10-17,114.05999755859376,114.08000183105467,114.0500030517578,114.05999755859376,114.05999755859376,989600
2025-10-20,114.0999984741211,114.0999984741211,114.06999969482422,114.08999633789062,114.08999633789062,1318700
2025-10-21,114.0999984741211,114.0999984741211,114.08000183105467,114.08999633789062,114.08999633789062,876700
2025-10-22,114.0999984741211,114.11000061035156,114.08000183105467,114.08000183105467,114.08000183105467,977300
2025-10-23,114.11000061035156,114.12000274658205,114.11000061035156,114.12000274658205,114.12000274658205,1425700
2025-10-24,114.12999725341795,114.13999938964844,114.12999725341795,114.13999938964844,114.13999938964844,1067400
2025-10-27,114.13999938964844,114.16000366210938,114.12999725341795,114.12999725341795,114.12999725341795,1557700
2025-10-28,114.13999938964844,114.16999816894533,114.13999938964844,114.1500015258789,114.1500015258789,1052800
2025-10-29,114.16999816894533,114.18000030517578,114.16000366210938,114.16000366210938,114.16000366210938,1127400
2025-10-30,114.18000030517578,114.18000030517578,114.16000366210938,114.16000366210938,114.16000366210938,993400
2025-10-31,114.19000244140624,114.1999969482422,114.16999816894533,114.16999816894533,114.16999816894533,1324600
2025-11-03,114.20999908447266,114.23999786376952,114.20999908447266,114.2300033569336,114.2300033569336,1305500
2025-11-04,114.23999786376952,114.26000213623048,114.23999786376952,114.25,114.25,1095800
2025-11-05,114.25,114.30999755859376,114.25,114.30999755859376,114.30999755859376,1972800
2025-11-06,114.3000030517578,114.3000030517578,114.27999877929688,114.27999877929688,114.27999877929688,1025100
2025-11-07,114.3000030517578,114.3000030517578,114.29000091552734,114.29000091552734,114.29000091552734,1111200
2025-11-10,114.30999755859376,114.33999633789062,114.30999755859376,114.33000183105467,114.33000183105467,1037400
2025-11-11,114.33999633789062,114.3499984741211,114.33000183105467,114.33000183105467,114.33000183105467,921600
2025-11-12,114.33999633789062,114.34500122070312,114.33000183105467,114.33999633789062,114.33999633789062,763800
2025-11-13,114.36000061035156,114.36000061035156,114.3499984741211,114.3499984741211,114.3499984741211,742900
2025-11-14,114.36000061035156,114.41999816894533,114.36000061035156,114.41000366210938,114.41000366210938,1755800
2025-11-17,114.43000030517578,114.43000030517578,114.41999816894533,114.41999816894533,114.41999816894533,1286700
2025-11-18,114.43000030517578,114.43000030517578,114.4000015258789,114.4000015258789,114.4000015258789,930700
2025-11-19,114.41999816894533,114.43000030517578,114.41000366210938,114.41000366210938,114.41000366210938,943800
2025-11-20,114.41999816894533,114.43000030517578,114.41999816894533,114.41999816894533,114.41999816894533,1210400
2025-11-21,114.44000244140624,114.4800033569336,114.43000030517578,114.47000122070312,114.47000122070312,1356800
2025-11-24,114.51000213623048,114.51000213623048,114.5,114.51000213623048,114.51000213623048,1055700
2025-11-25,114.51000213623048,114.52999877929688,114.5009994506836,114.5199966430664,114.5199966430664,998700
2025-11-26,114.54000091552734,114.56999969482422,114.52999877929688,114.55999755859376,114.55999755859376,1205300
2025-11-28,114.58000183105467,114.5999984741211,114.58000183105467,114.5999984741211,114.5999984741211,1176800
2025-12-01,114.62000274658205,114.62999725341795,114.61000061035156,114.62999725341795,114.62999725341795,2060400
2025-12-02,114.63999938964844,114.66000366210938,114.63999938964844,114.6500015258789,114.6500015258789,1472400
2025-12-03,114.66999816894533,114.66999816894533,114.66000366210938,114.66500091552734,114.66500091552734,1699400
2025-12-04,114.68000030517578,114.6999969482422,114.66000366210938,114.66000366210938,114.66000366210938,2273200
2025-12-05,114.68000030517578,114.6999969482422,114.68000030517578,114.69000244140624,114.69000244140624,1496200
2025-12-08,114.73999786376952,114.74400329589844,114.72000122070312,114.72000122070312,114.72000122070312,1490900
2025-12-09,114.73999786376952,114.75,114.69000244140624,114.69000244140624,114.69000244140624,1363900
2025-12-10,114.72000122070312,114.7300033569336,114.70999908447266,114.70999908447266,114.70999908447266,1290700
2025-12-11,114.73999786376952,114.7699966430664,114.72000122070312,114.75,114.75,1378600
2025-12-12,114.76000213623048,114.80999755859376,114.76000213623048,114.7699966430664,114.7699966430664,1463400
2025-12-15,114.8000030517578,114.80999755859376,114.77999877929688,114.77999877929688,114.77999877929688,1428600
2025-12-16,114.8000030517578,114.80999755859376,114.79000091552734,114.79000091552734,114.79000091552734,1464600
2025-12-17,114.81999969482422,114.83999633789062,114.8000030517578,114.81999969482422,114.81999969482422,1477500
2025-12-18,114.8499984741211,114.86000061035156,114.83999633789062,114.8499984741211,114.8499984741211,1588300
2025-12-19,114.87999725341795,114.9000015258789,114.87000274658205,114.9000015258789,114.9000015258789,2013300
2025-12-22,114.91000366210938,114.93000030517578,114.91000366210938,114.93000030517578,114.93000030517578,1865900
2025-12-23,114.95999908447266,114.9800033569336,114.9499969482422,114.97000122070312,114.97000122070312,1937200
2025-12-24,115.0,115.01000213623048,114.97000122070312,114.97000122070312,114.97000122070312,2039500
2025-12-26,115.0199966430664,115.04000091552734,115.0199966430664,115.02999877929688,115.02999877929688,1962800
2025-12-29,115.05999755859376,115.06999969482422,115.0500030517578,115.05999755859376,115.05999755859376,2051600
2025-12-30,115.08999633789062,115.0999984741211,115.04000091552734,115.04000091552734,115.04000091552734,3253700
2025-12-31,115.08000183105467,115.0999984741211,115.05999755859376,115.0999984741211,115.0999984741211,1940600
2026-01-02,115.11000061035156,115.1500015258789,115.11000061035156,115.12999725341795,115.12999725341795,3386900
2026-01-05,115.16999816894533,115.16999816894533,115.12999725341795,115.12999725341795,115.12999725341795,2777400
2026-01-06,115.16999816894533,115.18000030517578,115.16000366210938,115.16000366210938,115.16000366210938,1593600
2026-01-07,115.19000244140624,115.1999969482422,115.16999816894533,115.16999816894533,115.16999816894533,2267900
2026-01-08,115.20999908447266,115.22000122070312,115.1999969482422,115.22000122070312,115.22000122070312,1344200
2026-01-09,115.25,115.2699966430664,115.2300033569336,115.26000213623048,115.26000213623048,1996500
2026-01-12,115.2699966430664,115.28500366210938,115.25,115.26000213623048,115.26000213623048,1653800
2026-01-13,115.27999877929688,115.27999877929688,115.2699966430664,115.27999877929688,115.27999877929688,1622600
2026-01-14,115.29000091552734,115.30999755859376,115.27999877929688,115.3000030517578,115.3000030517578,1763100
2026-01-15,115.31999969482422,115.3280029296875,115.2699966430664,115.3000030517578,115.3000030517578,1987400
2026-01-16,115.33000183105467,115.33000183105467,115.30999755859376,115.31999969482422,115.31999969482422,1772800
2026-01-20,115.33000183105467,115.37000274658205,115.31999969482422,115.36000061035156,115.36000061035156,2817500
2026-01-21,115.37000274658205,115.38999938964844,115.37000274658205,115.38999938964844,115.38999938964844,2431000
2026-01-22,115.4000015258789,115.41000366210938,115.36000061035156,115.41000366210938,115.41000366210938,2450100
2026-01-23,115.41999816894533,115.44000244140624,115.41000366210938,115.41000366210938,115.41000366210938,1963600
2026-01-26,115.43000030517578,115.4499969482422,115.41999816894533,115.44000244140624,115.44000244140624,2030300
2026-01-27,115.44000244140624,115.4499969482422,115.43000030517578,115.43000030517578,115.43000030517578,1931600
2026-01-28,115.4499969482422,115.47000122070312,115.44000244140624,115.44000244140624,115.44000244140624,1940900
2026-01-29,115.44000244140624,115.4499969482422,115.43000030517578,115.43000030517578,115.43000030517578,1978400
2026-01-30,115.4499969482422,115.48999786376952,115.4499969482422,115.4499969482422,115.4499969482422,4334900
2026-02-02,115.47000122070312,115.5,115.45999908447266,115.4800033569336,115.4800033569336,1934900
2026-02-03,115.51000213623048,115.5199966430664,115.48999786376952,115.51000213623048,115.51000213623048,2381100
2026-02-04,115.51000213623048,115.5199966430664,115.5,115.5199966430664,115.5199966430664,1513000
2026-02-05,115.52999877929688,115.52999877929688,115.5,115.5,115.5,3177800
2026-02-06,115.5199966430664,115.58000183105467,115.5199966430664,115.58000183105467,115.58000183105467,2038300
2026-02-09,115.5999984741211,115.61000061035156,115.58000183105467,115.58999633789062,115.58999633789062,2017900
2026-02-10,115.62000274658205,115.62000274658205,115.55999755859376,115.55999755859376,115.55999755859376,1656100
2026-02-11,115.58000183105467,115.5999984741211,115.58000183105467,115.58999633789062,115.58999633789062,1178300
2026-02-12,115.63999938964844,115.63999938964844,115.58000183105467,115.5999984741211,115.5999984741211,1480500
2026-02-13,115.63500213623048,115.6999969482422,115.62999725341795,115.69000244140624,115.69000244140624,1573300
2026-02-17,115.70999908447266,115.75,115.6999969482422,115.7300033569336,115.7300033569336,2108200
2026-02-18,115.73999786376952,115.75,115.69000244140624,115.70999908447266,115.70999908447266,1395800
2026-02-19,115.7300033569336,115.7300033569336,115.69000244140624,115.7300033569336,115.7300033569336,1569300
2026-02-20,115.73999786376952,115.75,115.7300033569336,115.75,115.75,1454800
2026-02-23,115.75,115.76000213623048,115.75,115.75,115.75,1202100
2026-02-24,115.76000213623048,115.77999877929688,115.75,115.76000213623048,115.76000213623048,1518400
2026-02-25,115.77999877929688,115.8000030517578,115.7699966430664,115.77999877929688,115.77999877929688,2056700
2026-02-26,115.8000030517578,115.80999755859376,115.76000213623048,115.79000091552734,115.79000091552734,3121700
2026-02-27,115.8000030517578,115.83999633789062,115.8000030517578,115.83000183105467,115.83000183105467,1496100
2026-03-02,115.83999633789062,115.86499786376952,115.81999969482422,115.83999633789062,115.83999633789062,1900100
2026-03-03,115.83999633789062,115.87000274658205,115.83000183105467,115.87000274658205,115.87000274658205,2435100
2026-03-04,115.86000061035156,115.87000274658205,115.8499984741211,115.8499984741211,115.8499984741211,2096300
2026-03-05,115.87000274658205,115.87999725341795,115.83999633789062,115.86000061035156,115.86000061035156,1951600
2026-03-06,115.87000274658205,115.88999938964844,115.87000274658205,115.88999938964844,115.88999938964844,1767400
2026-03-09,115.875,115.88999938964844,115.87000274658205,115.88999938964844,115.88999938964844,1640000
2026-03-10,115.91999816894533,115.91999816894533,115.88999938964844,115.88999938964844,115.88999938964844,1768400
2026-03-11,115.93000030517578,115.9499969482422,115.91000366210938,115.9499969482422,115.9499969482422,1599500
2026-03-12,115.95999908447266,115.97000122070312,115.94000244140624,115.97000122070312,115.97000122070312,1888700
2026-03-13,116.0,116.01000213623048,115.9800033569336,116.01000213623048,116.01000213623048,2034100
2026-03-16,116.0199966430664,116.02100372314452,115.98999786376952,116.0,116.0,2849300
2026-03-17,116.0199966430664,116.0199966430664,116.0,116.00499725341795,116.00499725341795,1784700
2026-03-18,116.0250015258789,116.0250015258789,116.0,116.01000213623048,116.01000213623048,1481700
2026-03-19,116.0199966430664,116.0199966430664,115.98999786376952,116.0,116.0,2241400
2026-03-20,116.02999877929688,116.0500030517578,116.02999877929688,116.02999877929688,116.02999877929688,2010100
2026-03-23,116.02999877929688,116.0500030517578,116.01000213623048,116.02999877929688,116.02999877929688,3574300
2026-03-24,116.05999755859376,116.05999755859376,116.0199966430664,116.04000091552734,116.04000091552734,3418200
2026-03-25,116.04000091552734,116.06999969482422,116.04000091552734,116.05999755859376,116.05999755859376,1569100
2026-03-26,116.06999969482422,116.0999984741211,116.06999969482422,116.0999984741211,116.0999984741211,1814400
2026-03-27,116.0999984741211,116.13999938964844,116.08999633789062,116.13999938964844,116.13999938964844,3160600
2026-03-30,116.12999725341795,116.16999816894533,116.12999725341795,116.16000366210938,116.16000366210938,2167900
2026-03-31,116.16999816894533,116.29000091552734,116.16000366210938,116.29000091552734,116.29000091552734,2390900
2026-04-01,116.20999908447266,116.22000122070312,116.19000244140624,116.20999908447266,116.20999908447266,2941300
2026-04-02,116.25,116.26000213623048,116.23999786376952,116.26000213623048,116.26000213623048,1991900
2026-04-06,116.26000213623048,116.2699966430664,116.2509994506836,116.26000213623048,116.26000213623048,2019000
2026-04-07,116.2699966430664,116.27999877929688,116.26000213623048,116.27999877929688,116.27999877929688,1609900
2026-04-08,116.27999877929688,116.27999877929688,116.26000213623048,116.2699966430664,116.2699966430664,2252400
2026-04-09,116.27999877929688,116.29000091552734,116.25,116.26000213623048,116.26000213623048,1912200
2026-04-10,116.27999877929688,116.31999969482422,116.27999877929688,116.30999755859376,116.30999755859376,2909000
2026-04-13,116.31999969482422,116.33999633789062,116.27999877929688,116.27999877929688,116.27999877929688,3727100
2026-04-14,116.3000030517578,116.30999755859376,116.29000091552734,116.3000030517578,116.3000030517578,2513800
2026-04-15,116.31999969482422,116.33999633789062,116.3000030517578,116.33000183105467,116.33000183105467,2284600
2026-04-16,116.33999633789062,116.36000061035156,116.3000030517578,116.36000061035156,116.36000061035156,2098000
2026-04-17,116.37999725341795,116.4000015258789,116.3499984741211,116.38999938964844,116.38999938964844,2451700
2026-04-20,116.41000366210938,116.43000030517578,116.37999725341795,116.41999816894533,116.41999816894533,2071500
2026-04-21,116.4499969482422,116.4499969482422,116.43000030517578,116.4499969482422,116.4499969482422,2270900
2026-04-22,116.44000244140624,116.4499969482422,116.44000244140624,116.4499969482422,116.4499969482422,1576000
2026-04-23,116.4499969482422,116.47000122070312,116.4499969482422,116.47000122070312,116.47000122070312,1771700
2026-04-24,116.5,116.51000213623048,116.48999786376952,116.5,116.5,1808200
2026-04-27,116.52999877929688,116.52999877929688,116.48999786376952,116.48999786376952,116.48999786376952,2091000
2026-04-28,116.51000213623048,116.5199966430664,116.48999786376952,116.51000213623048,116.51000213623048,1820000
2026-04-29,116.51000213623048,116.5199966430664,116.5,116.51000213623048,116.51000213623048,1315200
2026-04-30,116.54000091552734,116.56500244140624,116.5199966430664,116.52999877929688,116.52999877929688,2588200
2026-05-01,116.55999755859376,116.58000183105467,116.5500030517578,116.56999969482422,116.56999969482422,2087600
2026-05-04,116.5999984741211,116.61000061035156,116.56999969482422,116.58999633789062,116.58999633789062,1900000
2026-05-05,116.58999633789062,116.5999984741211,116.58000183105467,116.58999633789062,116.58999633789062,1957900
2026-05-06,116.5999984741211,116.62000274658205,116.56999969482422,116.58999633789062,116.58999633789062,3297900
2026-05-07,116.62000274658205,116.62999725341795,116.58000183105467,116.61000061035156,116.61000061035156,1825500
2026-05-08,116.62999725341795,116.66500091552734,116.62000274658205,116.6500015258789,116.6500015258789,1967500
2026-05-11,116.66000366210938,116.66000366210938,116.6500015258789,116.6500015258789,116.6500015258789,1953400
2026-05-12,116.66000366210938,116.68000030517578,116.6500015258789,116.66999816894533,116.66999816894533,1733500
2026-05-13,116.66999816894533,116.68000030517578,116.66999816894533,116.66999816894533,116.66999816894533,1708700
2026-05-14,116.68000030517578,116.70999908447266,116.68000030517578,116.69000244140624,116.69000244140624,1788400
2026-05-15,116.6999969482422,116.76000213623048,116.6999969482422,116.7300033569336,116.7300033569336,3339500
2026-05-18,116.76000213623048,116.7699966430664,116.73999786376952,116.76000213623048,116.76000213623048,2223000
2026-05-19,116.7699966430664,116.77999877929688,116.75,116.7699966430664,116.7699966430664,2005800
2026-05-20,116.7699966430664,116.77999877929688,116.76000213623048,116.7699966430664,116.7699966430664,1790100
2026-05-21,116.76000213623048,116.79499816894533,116.76000213623048,116.77999877929688,116.77999877929688,1748700
2026-05-22,116.81999969482422,116.87000274658205,116.80999755859376,116.87000274658205,116.87000274658205,3440200
2026-05-26,116.86000061035156,116.87000274658205,116.83000183105467,116.8499984741211,116.8499984741211,3113000
2026-05-27,116.8499984741211,116.8499984741211,116.83000183105467,116.83999633789062,116.83999633789062,2358400
2026-05-28,116.86000061035156,116.87999725341797,116.8499984741211,116.87999725341797,116.87999725341797,2118800
2026-05-29,116.88999938964844,116.93000030517578,116.87999725341797,116.87999725341797,116.87999725341797,3073300
2026-06-01,116.87999725341797,116.91000366210938,116.87999725341797,116.91000366210938,116.91000366210938,2763100
2026-06-02,116.91000366210938,116.92500305175781,116.9000015258789,116.91999816894531,116.91999816894531,2430100
2026-06-03,116.93000030517578,116.94000244140625,116.91000366210938,116.91999816894531,116.91999816894531,2362400
2026-06-04,116.94000244140625,116.94000244140625,116.91999816894531,116.93000030517578,116.93000030517578,2175346
